{
"meta":{"test_sets":[],"test_metrics":[],"learn_metrics":[{"best_value":"Min","name":"MultiClass"}],"launch_mode":"Train","parameters":"","iteration_count":1000,"learn_sets":["learn"],"name":"experiment"},
"iterations":[
{"learn":[1.048392631],"iteration":0,"passed_time":0.06066172317,"remaining_time":60.60106144},
{"learn":[1.010541166],"iteration":1,"passed_time":0.06105872845,"remaining_time":30.46830549},
{"learn":[0.9738347419],"iteration":2,"passed_time":0.06142085826,"remaining_time":20.41219856},
{"learn":[0.9412649088],"iteration":3,"passed_time":0.06176619618,"remaining_time":15.37978285},
{"learn":[0.9123512372],"iteration":4,"passed_time":0.06211265912,"remaining_time":12.36041917},
{"learn":[0.8870804012],"iteration":5,"passed_time":0.06245895539,"remaining_time":10.34736694},
{"learn":[0.8617641647],"iteration":6,"passed_time":0.06277341791,"remaining_time":8.904857712},
{"learn":[0.8396954142],"iteration":7,"passed_time":0.06308458871,"remaining_time":7.822489},
{"learn":[0.8195038974],"iteration":8,"passed_time":0.06342046818,"remaining_time":6.983298218},
{"learn":[0.799602782],"iteration":9,"passed_time":0.06374334747,"remaining_time":6.3105914},
{"learn":[0.7847736337],"iteration":10,"passed_time":0.06405239325,"remaining_time":5.758892447},
{"learn":[0.7681852444],"iteration":11,"passed_time":0.06437206416,"remaining_time":5.299966616},
{"learn":[0.753815885],"iteration":12,"passed_time":0.06470969365,"remaining_time":4.912959049},
{"learn":[0.7398036194],"iteration":13,"passed_time":0.06503857302,"remaining_time":4.580573786},
{"learn":[0.730099833],"iteration":14,"passed_time":0.06537386915,"remaining_time":4.292884074},
{"learn":[0.7171372806],"iteration":15,"passed_time":0.0656834566,"remaining_time":4.039532581},
{"learn":[0.7091801389],"iteration":16,"passed_time":0.06601133596,"remaining_time":3.817008426},
{"learn":[0.7034951543],"iteration":17,"passed_time":0.06632154841,"remaining_time":3.618208919},
{"learn":[0.6937974972],"iteration":18,"passed_time":0.06662426077,"remaining_time":3.43991578},
{"learn":[0.6833522198],"iteration":19,"passed_time":0.06693768161,"remaining_time":3.279946399},
{"learn":[0.6734014396],"iteration":20,"passed_time":0.06725443582,"remaining_time":3.135337746},
{"learn":[0.6652682198],"iteration":21,"passed_time":0.06756668997,"remaining_time":3.00364649},
{"learn":[0.6565754317],"iteration":22,"passed_time":0.06796882032,"remaining_time":2.88719728},
{"learn":[0.6509626932],"iteration":23,"passed_time":0.06825869917,"remaining_time":2.775853766},
{"learn":[0.645943414],"iteration":24,"passed_time":0.06848532718,"remaining_time":2.67092776},
{"learn":[0.6407523308],"iteration":25,"passed_time":0.06878258113,"remaining_time":2.576701309},
{"learn":[0.6352008259],"iteration":26,"passed_time":0.06907454335,"remaining_time":2.489241877},
{"learn":[0.6283219906],"iteration":27,"passed_time":0.06935808879,"remaining_time":2.407716511},
{"learn":[0.6216090569],"iteration":28,"passed_time":0.06965855111,"remaining_time":2.332360453},
{"learn":[0.615926681],"iteration":29,"passed_time":0.06995897177,"remaining_time":2.262006754},
{"learn":[0.6105467408],"iteration":30,"passed_time":0.07025310068,"remaining_time":2.195975954},
{"learn":[0.6065782823],"iteration":31,"passed_time":0.07054827128,"remaining_time":2.134085206},
{"learn":[0.6026017616],"iteration":32,"passed_time":0.07084877527,"remaining_time":2.076083809},
{"learn":[0.5982198397],"iteration":33,"passed_time":0.07113790411,"remaining_time":2.021153393},
{"learn":[0.593819728],"iteration":34,"passed_time":0.07143794977,"remaining_time":1.969646329},
{"learn":[0.5903349874],"iteration":35,"passed_time":0.07172249522,"remaining_time":1.920569039},
{"learn":[0.584875852],"iteration":36,"passed_time":0.07202374923,"remaining_time":1.874564068},
{"learn":[0.5807673041],"iteration":37,"passed_time":0.072307503,"remaining_time":1.830521523},
{"learn":[0.5770481264],"iteration":38,"passed_time":0.0726133404,"remaining_time":1.789267183},
{"learn":[0.5727329845],"iteration":39,"passed_time":0.07290363592,"remaining_time":1.749687262},
{"learn":[0.5686598298],"iteration":40,"passed_time":0.07320222323,"remaining_time":1.712217855},
{"learn":[0.5649812694],"iteration":41,"passed_time":0.07349043539,"remaining_time":1.676281836},
{"learn":[0.5613963724],"iteration":42,"passed_time":0.07376093899,"remaining_time":1.641609735},
{"learn":[0.5596015989],"iteration":43,"passed_time":0.07401377568,"remaining_time":1.60811749},
{"learn":[0.5557828477],"iteration":44,"passed_time":0.07430327953,"remaining_time":1.57688071},
{"learn":[0.5535121328],"iteration":45,"passed_time":0.07459353339,"remaining_time":1.547005019},
{"learn":[0.5508995181],"iteration":46,"passed_time":0.07487091208,"remaining_time":1.518127217},
{"learn":[0.5473226333],"iteration":47,"passed_time":0.0751534575,"remaining_time":1.490543574},
{"learn":[0.5450843037],"iteration":48,"passed_time":0.07545004478,"remaining_time":1.464346787},
{"learn":[0.5420161828],"iteration":49,"passed_time":0.07580404948,"remaining_time":1.44027694},
{"learn":[0.5398234443],"iteration":50,"passed_time":0.07607988649,"remaining_time":1.415682594},
{"learn":[0.5359841563],"iteration":51,"passed_time":0.07636147356,"remaining_time":1.392128403},
{"learn":[0.532513842],"iteration":52,"passed_time":0.07665256077,"remaining_time":1.369622171},
{"learn":[0.5299852916],"iteration":53,"passed_time":0.07692698108,"remaining_time":1.347646743},
{"learn":[0.5278616072],"iteration":54,"passed_time":0.07722123499,"remaining_time":1.326801219},
{"learn":[0.5256340034],"iteration":55,"passed_time":0.077497447,"remaining_time":1.306385535},
{"learn":[0.5239672304],"iteration":56,"passed_time":0.07778220078,"remaining_time":1.286817813},
{"learn":[0.5218638006],"iteration":57,"passed_time":0.07806916293,"remaining_time":1.267950888},
{"learn":[0.5205917161],"iteration":58,"passed_time":0.07834899999,"remaining_time":1.249600152},
{"learn":[0.517367124],"iteration":59,"passed_time":0.07862167028,"remaining_time":1.231739501},
{"learn":[0.5156091462],"iteration":60,"passed_time":0.07890300735,"remaining_time":1.214588916},
{"learn":[0.5130460501],"iteration":61,"passed_time":0.07918626112,"remaining_time":1.198011499},
{"learn":[0.511214128],"iteration":62,"passed_time":0.07947772333,"remaining_time":1.182073441},
{"learn":[0.5094398468],"iteration":63,"passed_time":0.07974531022,"remaining_time":1.166275162},
{"learn":[0.5067212247],"iteration":64,"passed_time":0.08003864745,"remaining_time":1.151325159},
{"learn":[0.5059674757],"iteration":65,"passed_time":0.08032435958,"remaining_time":1.136711392},
{"learn":[0.5043489132],"iteration":66,"passed_time":0.08060211328,"remaining_time":1.122414503},
{"learn":[0.5025615153],"iteration":67,"passed_time":0.08088195033,"remaining_time":1.108558496},
{"learn":[0.5001858715],"iteration":68,"passed_time":0.08118612104,"remaining_time":1.095424329},
{"learn":[0.4980690612],"iteration":69,"passed_time":0.08144195777,"remaining_time":1.082014582},
{"learn":[0.4960993323],"iteration":70,"passed_time":0.08170858632,"remaining_time":1.069116573},
{"learn":[0.4941786953],"iteration":71,"passed_time":0.08197646488,"remaining_time":1.056585547},
{"learn":[0.4922964921],"iteration":72,"passed_time":0.0822286349,"remaining_time":1.044191021},
{"learn":[0.4913312393],"iteration":73,"passed_time":0.08248801335,"remaining_time":1.03221487},
{"learn":[0.4899155779],"iteration":74,"passed_time":0.0827574336,"remaining_time":1.020675014},
{"learn":[0.4887688546],"iteration":75,"passed_time":0.08302422881,"remaining_time":1.009399834},
{"learn":[0.4869047927],"iteration":76,"passed_time":0.08328077389,"remaining_time":0.9982877182},
{"learn":[0.485418742],"iteration":77,"passed_time":0.08355802757,"remaining_time":0.9876987362},
{"learn":[0.4834501385],"iteration":78,"passed_time":0.0838080309,"remaining_time":0.9770531197},
{"learn":[0.4814140041],"iteration":79,"passed_time":0.08406986771,"remaining_time":0.9668034787},
{"learn":[0.4802724019],"iteration":80,"passed_time":0.08432291274,"remaining_time":0.9567007014},
{"learn":[0.4780812774],"iteration":81,"passed_time":0.08459316634,"remaining_time":0.9470308134},
{"learn":[0.4761212111],"iteration":82,"passed_time":0.08486687831,"remaining_time":0.9376256314},
{"learn":[0.4747981411],"iteration":83,"passed_time":0.08513963194,"remaining_time":0.9284274149},
{"learn":[0.4734947611],"iteration":84,"passed_time":0.08540667715,"remaining_time":0.9193777599},
{"learn":[0.4724680573],"iteration":85,"passed_time":0.08568551419,"remaining_time":0.9106576741},
{"learn":[0.4694644773],"iteration":86,"passed_time":0.08594889269,"remaining_time":0.9019694141},
{"learn":[0.4672119725],"iteration":87,"passed_time":0.08621306287,"remaining_time":0.8934808334},
{"learn":[0.4659148173],"iteration":88,"passed_time":0.0864908999,"remaining_time":0.8853169641},
{"learn":[0.4648106119],"iteration":89,"passed_time":0.08674936167,"remaining_time":0.8771324347},
{"learn":[0.4630759073],"iteration":90,"passed_time":0.08701299017,"remaining_time":0.869173715},
{"learn":[0.46188702],"iteration":91,"passed_time":0.08726903525,"remaining_time":0.8613074348},
{"learn":[0.4601592172],"iteration":92,"passed_time":0.08752987205,"remaining_time":0.8536515478},
{"learn":[0.4574368858],"iteration":93,"passed_time":0.08779045884,"remaining_time":0.8461505927},
{"learn":[0.4561019148],"iteration":94,"passed_time":0.08804404555,"remaining_time":0.8387353813},
{"learn":[0.4540762795],"iteration":95,"passed_time":0.0883007573,"remaining_time":0.8314987979},
{"learn":[0.4522091869],"iteration":96,"passed_time":0.08857526095,"remaining_time":0.8245717591},
{"learn":[0.4498908987],"iteration":97,"passed_time":0.08897593294,"remaining_time":0.8189417501},
{"learn":[0.4475264572],"iteration":98,"passed_time":0.08926760348,"remaining_time":0.812425361},
{"learn":[0.4466269762],"iteration":99,"passed_time":0.08953135699,"remaining_time":0.8057822129},
{"learn":[0.4457277711],"iteration":100,"passed_time":0.0898056523,"remaining_time":0.799359222},
{"learn":[0.4451399833],"iteration":101,"passed_time":0.09006303073,"remaining_time":0.7929078587},
{"learn":[0.442903442],"iteration":102,"passed_time":0.09033161763,"remaining_time":0.7866743788},
{"learn":[0.4411253702],"iteration":103,"passed_time":0.0905804126,"remaining_time":0.7803850932},
{"learn":[0.4396737819],"iteration":104,"passed_time":0.09084254109,"remaining_time":0.7743245169},
{"learn":[0.4383573711],"iteration":105,"passed_time":0.0911137947,"remaining_time":0.7684503062},
{"learn":[0.4374777425],"iteration":106,"passed_time":0.09138125658,"remaining_time":0.7626491788},
{"learn":[0.4360749689],"iteration":107,"passed_time":0.09164342674,"remaining_time":0.7569068208},
{"learn":[0.4348107185],"iteration":108,"passed_time":0.09190893027,"remaining_time":0.7512922648},
{"learn":[0.4336318627],"iteration":109,"passed_time":0.09215668356,"remaining_time":0.7456313488},
{"learn":[0.4318603001],"iteration":110,"passed_time":0.09241218696,"remaining_time":0.7401300379},
{"learn":[0.4304708873],"iteration":111,"passed_time":0.09265989858,"remaining_time":0.7346606245},
{"learn":[0.4292474214],"iteration":112,"passed_time":0.09289423503,"remaining_time":0.7291786414},
{"learn":[0.4274328673],"iteration":113,"passed_time":0.09314898842,"remaining_time":0.7239474012},
{"learn":[0.4261595234],"iteration":114,"passed_time":0.09339824173,"remaining_time":0.718760382},
{"learn":[0.4250054696],"iteration":115,"passed_time":0.09363899493,"remaining_time":0.71359372},
{"learn":[0.4240308196],"iteration":116,"passed_time":0.09389470667,"remaining_time":0.7086241537},
{"learn":[0.4232910721],"iteration":117,"passed_time":0.09412533473,"remaining_time":0.7035469935},
{"learn":[0.4221477105],"iteration":118,"passed_time":0.09437200468,"remaining_time":0.6986700515},
{"learn":[0.420783304],"iteration":119,"passed_time":0.09461767461,"remaining_time":0.6938629472},
{"learn":[0.4195096559],"iteration":120,"passed_time":0.09486396955,"remaining_time":0.6891357788},
{"learn":[0.418126722],"iteration":121,"passed_time":0.09511113951,"remaining_time":0.6844883646},
{"learn":[0.415813551],"iteration":122,"passed_time":0.09536510122,"remaining_time":0.6799609249},
{"learn":[0.4147268475],"iteration":123,"passed_time":0.09561418786,"remaining_time":0.6754679723},
{"learn":[0.4135110689],"iteration":124,"passed_time":0.09585698276,"remaining_time":0.6709988793},
{"learn":[0.4124281462],"iteration":125,"passed_time":0.0961059444,"remaining_time":0.6666396461},
{"learn":[0.4107843282],"iteration":126,"passed_time":0.09637398963,"remaining_time":0.6624763224},
{"learn":[0.409610265],"iteration":127,"passed_time":0.09661607618,"remaining_time":0.658197019},
{"learn":[0.4085969666],"iteration":128,"passed_time":0.09687087124,"remaining_time":0.6540661151},
{"learn":[0.4074706964],"iteration":129,"passed_time":0.09711212444,"remaining_time":0.6499042174},
{"learn":[0.4059658471],"iteration":130,"passed_time":0.09736029441,"remaining_time":0.6458480599},
{"learn":[0.4045786389],"iteration":131,"passed_time":0.09760579767,"remaining_time":0.6418320635},
{"learn":[0.4030147412],"iteration":132,"passed_time":0.0978481759,"remaining_time":0.6378523947},
{"learn":[0.401043966],"iteration":133,"passed_time":0.09809526251,"remaining_time":0.6339589354},
{"learn":[0.4001927981],"iteration":134,"passed_time":0.0983301823,"remaining_time":0.6300415385},
{"learn":[0.3993382594],"iteration":135,"passed_time":0.09856806047,"remaining_time":0.62619709},
{"learn":[0.3981593577],"iteration":136,"passed_time":0.09880293859,"remaining_time":0.6223863942},
{"learn":[0.3974079529],"iteration":137,"passed_time":0.09904090009,"remaining_time":0.6186467817},
{"learn":[0.3959609831],"iteration":138,"passed_time":0.09927369485,"remaining_time":0.6149255487},
{"learn":[0.3945321887],"iteration":139,"passed_time":0.09951623974,"remaining_time":0.6113140441},
{"learn":[0.3931809146],"iteration":140,"passed_time":0.09976345136,"remaining_time":0.6077787569},
{"learn":[0.392340731],"iteration":141,"passed_time":0.09999187106,"remaining_time":0.604176235},
{"learn":[0.391014859],"iteration":142,"passed_time":0.1002280825,"remaining_time":0.6006675995},
{"learn":[0.3900863429],"iteration":143,"passed_time":0.1004716691,"remaining_time":0.5972482553},
{"learn":[0.3887045578],"iteration":144,"passed_time":0.1007180057,"remaining_time":0.5938889303},
{"learn":[0.3877600818],"iteration":145,"passed_time":0.1009658423,"remaining_time":0.590581023},
{"learn":[0.3871432689],"iteration":146,"passed_time":0.1012024705,"remaining_time":0.5872497097},
{"learn":[0.3859609226],"iteration":147,"passed_time":0.1014445987,"remaining_time":0.5839918791},
{"learn":[0.3848109161],"iteration":148,"passed_time":0.101714019,"remaining_time":0.5809304036},
{"learn":[0.3841140281],"iteration":149,"passed_time":0.1019572722,"remaining_time":0.5777578758},
{"learn":[0.3831978436],"iteration":150,"passed_time":0.102194442,"remaining_time":0.5745899422},
{"learn":[0.3821959351],"iteration":151,"passed_time":0.1024454037,"remaining_time":0.5715375153},
{"learn":[0.3809142758],"iteration":152,"passed_time":0.1026941153,"remaining_time":0.5685092528},
{"learn":[0.3798270753],"iteration":153,"passed_time":0.1029345352,"remaining_time":0.5654715374},
{"learn":[0.3789786479],"iteration":154,"passed_time":0.10316808,"remaining_time":0.5624324359},
{"learn":[0.3776308652],"iteration":155,"passed_time":0.1034845842,"remaining_time":0.5598781348},
{"learn":[0.3768379566],"iteration":156,"passed_time":0.1037327541,"remaining_time":0.556985425},
{"learn":[0.3755135764],"iteration":157,"passed_time":0.1039761324,"remaining_time":0.5541006548},
{"learn":[0.3742170583],"iteration":158,"passed_time":0.1042313858,"remaining_time":0.5513119209},
{"learn":[0.3730535063],"iteration":159,"passed_time":0.1044613472,"remaining_time":0.5484220725},
{"learn":[0.3725579839],"iteration":160,"passed_time":0.1046969753,"remaining_time":0.5455947967},
{"learn":[0.3719113874],"iteration":161,"passed_time":0.1049417285,"remaining_time":0.5428467192},
{"learn":[0.371432133],"iteration":162,"passed_time":0.105178565,"remaining_time":0.540088705},
{"learn":[0.370603014],"iteration":163,"passed_time":0.1054371518,"remaining_time":0.5374723104},
{"learn":[0.368975012],"iteration":164,"passed_time":0.1056884885,"remaining_time":0.5348478053},
{"learn":[0.3682477879],"iteration":165,"passed_time":0.1059136581,"remaining_time":0.532120427},
{"learn":[0.3675925766],"iteration":166,"passed_time":0.106158453,"remaining_time":0.5295209065},
{"learn":[0.3666041148],"iteration":167,"passed_time":0.1064189148,"remaining_time":0.5270270068},
{"learn":[0.3660032205],"iteration":168,"passed_time":0.1066668348,"remaining_time":0.5244978682},
{"learn":[0.36472937],"iteration":169,"passed_time":0.1069066297,"remaining_time":0.5219558978},
{"learn":[0.3642859638],"iteration":170,"passed_time":0.1071522163,"remaining_time":0.5194689315},
{"learn":[0.3639287752],"iteration":171,"passed_time":0.1073995945,"remaining_time":0.5170166528},
{"learn":[0.3630575078],"iteration":172,"passed_time":0.1076388061,"remaining_time":0.5145508244},
{"learn":[0.3620000945],"iteration":173,"passed_time":0.1078990595,"remaining_time":0.512210478},
{"learn":[0.3611491266],"iteration":174,"passed_time":0.108139146,"remaining_time":0.5097988314},
{"learn":[0.3602731625],"iteration":175,"passed_time":0.1084323999,"remaining_time":0.5076607816},
{"learn":[0.3595798375],"iteration":176,"passed_time":0.1086681947,"remaining_time":0.5052764083},
{"learn":[0.3584585646],"iteration":177,"passed_time":0.1089006145,"remaining_time":0.5029005906},
{"learn":[0.3578970941],"iteration":178,"passed_time":0.1091480761,"remaining_time":0.5006177123},
{"learn":[0.3574885476],"iteration":179,"passed_time":0.1094003295,"remaining_time":0.4983792788},
{"learn":[0.3566621883],"iteration":180,"passed_time":0.1096448327,"remaining_time":0.4961277238},
{"learn":[0.3558341395],"iteration":181,"passed_time":0.109891461,"remaining_time":0.4939077753},
{"learn":[0.3551560848],"iteration":182,"passed_time":0.1101246308,"remaining_time":0.4916493079},
{"learn":[0.3546766325],"iteration":183,"passed_time":0.1103470504,"remaining_time":0.48936518},
{"learn":[0.35376574],"iteration":184,"passed_time":0.1106040538,"remaining_time":0.4872556966},
{"learn":[0.3530653119],"iteration":185,"passed_time":0.1108587655,"remaining_time":0.4851561029},
{"learn":[0.3521926873],"iteration":186,"passed_time":0.1110991854,"remaining_time":0.4830141055},
{"learn":[0.351751606],"iteration":187,"passed_time":0.1113382302,"remaining_time":0.4808863987},
{"learn":[0.3508779978],"iteration":188,"passed_time":0.1115694833,"remaining_time":0.4787452432},
{"learn":[0.34984871],"iteration":189,"passed_time":0.1118052365,"remaining_time":0.4766433765},
{"learn":[0.3494208605],"iteration":190,"passed_time":0.1120526564,"remaining_time":0.4746104662},
{"learn":[0.3489638791],"iteration":191,"passed_time":0.1122706176,"remaining_time":0.4724721826},
{"learn":[0.3483694052],"iteration":192,"passed_time":0.1125176626,"remaining_time":0.4704754078},
{"learn":[0.3476539628],"iteration":193,"passed_time":0.1127587075,"remaining_time":0.4684717434},
{"learn":[0.3471154494],"iteration":194,"passed_time":0.1129790854,"remaining_time":0.4664008397},
{"learn":[0.3463741398],"iteration":195,"passed_time":0.1132260887,"remaining_time":0.4644580372},
{"learn":[0.345885097],"iteration":196,"passed_time":0.1134530084,"remaining_time":0.4624505874},
{"learn":[0.3452975302],"iteration":197,"passed_time":0.1136991783,"remaining_time":0.460539096},
{"learn":[0.3448094436],"iteration":198,"passed_time":0.113925598,"remaining_time":0.4585648441},
{"learn":[0.34384412],"iteration":199,"passed_time":0.1141638095,"remaining_time":0.4566552379},
{"learn":[0.343354756],"iteration":200,"passed_time":0.1143911042,"remaining_time":0.4547188668},
{"learn":[0.3426494947],"iteration":201,"passed_time":0.1146253989,"remaining_time":0.4528270711},
{"learn":[0.3421376678],"iteration":202,"passed_time":0.1148625271,"remaining_time":0.4509627296},
{"learn":[0.3410659065],"iteration":203,"passed_time":0.1150905301,"remaining_time":0.4490787352},
{"learn":[0.3403519541],"iteration":204,"passed_time":0.1153462419,"remaining_time":0.4473183526},
{"learn":[0.3396649246],"iteration":205,"passed_time":0.1155855784,"remaining_time":0.4455094623},
{"learn":[0.3391428335],"iteration":206,"passed_time":0.1158198732,"remaining_time":0.4436964223},
{"learn":[0.3384542455],"iteration":207,"passed_time":0.1160501679,"remaining_time":0.4418833316},
{"learn":[0.3380622075],"iteration":208,"passed_time":0.1162898794,"remaining_time":0.4401210269},
{"learn":[0.337441278],"iteration":209,"passed_time":0.1165276742,"remaining_time":0.4383660126},
{"learn":[0.3371672723],"iteration":210,"passed_time":0.1167647191,"remaining_time":0.4366225751},
{"learn":[0.3364846783],"iteration":211,"passed_time":0.1170030139,"remaining_time":0.434897995},
{"learn":[0.3358738832],"iteration":212,"passed_time":0.1172519755,"remaining_time":0.4332267829},
{"learn":[0.3353667222],"iteration":213,"passed_time":0.1174886037,"remaining_time":0.4315235631},
{"learn":[0.3347333862],"iteration":214,"passed_time":0.1177371487,"remaining_time":0.4298774962},
{"learn":[0.3341138005],"iteration":215,"passed_time":0.1179736518,"remaining_time":0.4282006621},
{"learn":[0.3336019757],"iteration":216,"passed_time":0.1181945297,"remaining_time":0.4264807225},
{"learn":[0.3326720908],"iteration":217,"passed_time":0.1184332829,"remaining_time":0.424838657},
{"learn":[0.3320766304],"iteration":218,"passed_time":0.1186562442,"remaining_time":0.4231530901},
{"learn":[0.3316774734],"iteration":219,"passed_time":0.1189006225,"remaining_time":0.4215567523},
{"learn":[0.3311733335],"iteration":220,"passed_time":0.1191262088,"remaining_time":0.4199064102},
{"learn":[0.3301599649],"iteration":221,"passed_time":0.1193605036,"remaining_time":0.4182994224},
{"learn":[0.3294379061],"iteration":222,"passed_time":0.1195857566,"remaining_time":0.4166732415},
{"learn":[0.3289219559],"iteration":223,"passed_time":0.1198478017,"remaining_time":0.4151870274},
{"learn":[0.3282984326],"iteration":224,"passed_time":0.1200818882,"remaining_time":0.4136153926},
{"learn":[0.3279440382],"iteration":225,"passed_time":0.1203135162,"remaining_time":0.4120471751},
{"learn":[0.3271586541],"iteration":226,"passed_time":0.120545936,"remaining_time":0.4104934296},
{"learn":[0.3264805727],"iteration":227,"passed_time":0.1207896892,"remaining_time":0.4089896495},
{"learn":[0.3259098967],"iteration":228,"passed_time":0.1210542344,"remaining_time":0.4075668766},
{"learn":[0.3254405877],"iteration":229,"passed_time":0.1213405716,"remaining_time":0.4062271309},
{"learn":[0.3246609623],"iteration":230,"passed_time":0.1216044084,"remaining_time":0.404821602},
{"learn":[0.3240255628],"iteration":231,"passed_time":0.1218411616,"remaining_time":0.4033362589},
{"learn":[0.3236654846],"iteration":232,"passed_time":0.1220799981,"remaining_time":0.4018684915},
{"learn":[0.3230563664],"iteration":233,"passed_time":0.1223485016,"remaining_time":0.4005083429},
{"learn":[0.3226232859],"iteration":234,"passed_time":0.1225801714,"remaining_time":0.3990375792},
{"learn":[0.3221002739],"iteration":235,"passed_time":0.1228154245,"remaining_time":0.3975889166},
{"learn":[0.3217779003],"iteration":236,"passed_time":0.1230580111,"remaining_time":0.3961741031},
{"learn":[0.321362974],"iteration":237,"passed_time":0.1233000143,"remaining_time":0.3947672726},
{"learn":[0.320884733],"iteration":238,"passed_time":0.1235273923,"remaining_time":0.3933236215},
{"learn":[0.3204921432],"iteration":239,"passed_time":0.1237544787,"remaining_time":0.3918891824},
{"learn":[0.3199613199],"iteration":240,"passed_time":0.1239945235,"remaining_time":0.3905055741},
{"learn":[0.3196999676],"iteration":241,"passed_time":0.1242194848,"remaining_time":0.3890841715},
{"learn":[0.3192910529],"iteration":242,"passed_time":0.1244714049,"remaining_time":0.3877565987},
{"learn":[0.3185191151],"iteration":243,"passed_time":0.1247144914,"remaining_time":0.3864104734},
{"learn":[0.3177768174],"iteration":244,"passed_time":0.124957703,"remaining_time":0.3850737378},
{"learn":[0.3171748035],"iteration":245,"passed_time":0.125184206,"remaining_time":0.3836946802},
{"learn":[0.3166621649],"iteration":246,"passed_time":0.125410084,"remaining_time":0.3823230496},
{"learn":[0.3162916872],"iteration":247,"passed_time":0.1256440871,"remaining_time":0.3809852964},
{"learn":[0.3158668099],"iteration":248,"passed_time":0.1258784652,"remaining_time":0.3796575397},
{"learn":[0.3153340188],"iteration":249,"passed_time":0.1261310519,"remaining_time":0.3783931558},
{"learn":[0.3150031101],"iteration":250,"passed_time":0.1263620967,"remaining_time":0.3770725514},
{"learn":[0.3144586577],"iteration":251,"passed_time":0.1266116,"remaining_time":0.375815384},
{"learn":[0.314092656],"iteration":252,"passed_time":0.1268464364,"remaining_time":0.3745228775},
{"learn":[0.3133960261],"iteration":253,"passed_time":0.1270825229,"remaining_time":0.3732423704},
{"learn":[0.3127711037],"iteration":254,"passed_time":0.1273279845,"remaining_time":0.3719974449},
{"learn":[0.3122699519],"iteration":255,"passed_time":0.1275676544,"remaining_time":0.3707434955},
{"learn":[0.3120388679],"iteration":256,"passed_time":0.1278093659,"remaining_time":0.3695033419},
{"learn":[0.3114187807],"iteration":257,"passed_time":0.1280379939,"remaining_time":0.3682333004},
{"learn":[0.3108584746],"iteration":258,"passed_time":0.128270997,"remaining_time":0.3669838178},
{"learn":[0.3103542408],"iteration":259,"passed_time":0.1285070002,"remaining_time":0.3657506928},
{"learn":[0.3098064351],"iteration":260,"passed_time":0.1287559201,"remaining_time":0.3645617816},
{"learn":[0.3093301445],"iteration":261,"passed_time":0.1290073402,"remaining_time":0.3633870879},
{"learn":[0.3086522479],"iteration":262,"passed_time":0.1292317181,"remaining_time":0.362143636},
{"learn":[0.3078860521],"iteration":263,"passed_time":0.1294783048,"remaining_time":0.3609698193},
{"learn":[0.3075916073],"iteration":264,"passed_time":0.1297085578,"remaining_time":0.3597576981},
{"learn":[0.3070438605],"iteration":265,"passed_time":0.1299360192,"remaining_time":0.3585452559},
{"learn":[0.3065952162],"iteration":266,"passed_time":0.1301782307,"remaining_time":0.3573806858},
{"learn":[0.3064449973],"iteration":267,"passed_time":0.1304180256,"remaining_time":0.3562163982},
{"learn":[0.3059627433],"iteration":268,"passed_time":0.1306371118,"remaining_time":0.3550027091},
{"learn":[0.3052918431],"iteration":269,"passed_time":0.1308605315,"remaining_time":0.3538081036},
{"learn":[0.3048162159],"iteration":270,"passed_time":0.1310868261,"remaining_time":0.3526283995},
{"learn":[0.3042326702],"iteration":271,"passed_time":0.1313229126,"remaining_time":0.3514819132},
{"learn":[0.3035523267],"iteration":272,"passed_time":0.1315634158,"remaining_time":0.3503538582},
{"learn":[0.3030592517],"iteration":273,"passed_time":0.1318079191,"remaining_time":0.3492428804},
{"learn":[0.3025282278],"iteration":274,"passed_time":0.1320409638,"remaining_time":0.3481079955},
{"learn":[0.3021110794],"iteration":275,"passed_time":0.1322816337,"remaining_time":0.3469996478},
{"learn":[0.3017712587],"iteration":276,"passed_time":0.1325051367,"remaining_time":0.3458527574},
{"learn":[0.3008605024],"iteration":277,"passed_time":0.1327408481,"remaining_time":0.3447442171},
{"learn":[0.3003080939],"iteration":278,"passed_time":0.1329739346,"remaining_time":0.3436351499},
{"learn":[0.2997132924],"iteration":279,"passed_time":0.1332270213,"remaining_time":0.342583769},
{"learn":[0.2990888858],"iteration":280,"passed_time":0.1334756912,"remaining_time":0.3415267687},
{"learn":[0.2985162674],"iteration":281,"passed_time":0.1337075693,"remaining_time":0.3404327474},
{"learn":[0.2981531692],"iteration":282,"passed_time":0.1339279889,"remaining_time":0.3393157882},
{"learn":[0.2976503495],"iteration":283,"passed_time":0.1341701588,"remaining_time":0.3382599778},
{"learn":[0.2972070739],"iteration":284,"passed_time":0.1343950785,"remaining_time":0.3371666003},
{"learn":[0.296825954],"iteration":285,"passed_time":0.1346213315,"remaining_time":0.3360826247},
{"learn":[0.2966419702],"iteration":286,"passed_time":0.1348751682,"remaining_time":0.335073153},
{"learn":[0.2962637553],"iteration":287,"passed_time":0.1351062962,"remaining_time":0.3340127879},
{"learn":[0.2958224659],"iteration":288,"passed_time":0.135337216,"remaining_time":0.332957649},
{"learn":[0.2955287616],"iteration":289,"passed_time":0.1355631357,"remaining_time":0.3318959528},
{"learn":[0.2952044772],"iteration":290,"passed_time":0.1357856803,"remaining_time":0.3308317777},
{"learn":[0.2949165378],"iteration":291,"passed_time":0.1360066415,"remaining_time":0.3297695281},
{"learn":[0.2944333994],"iteration":292,"passed_time":0.1362287695,"remaining_time":0.3287158363},
{"learn":[0.2940027612],"iteration":293,"passed_time":0.1364605642,"remaining_time":0.3276910148},
{"learn":[0.2936666905],"iteration":294,"passed_time":0.1366932757,"remaining_time":0.3266737605},
{"learn":[0.2930974808],"iteration":295,"passed_time":0.1369322789,"remaining_time":0.3256767713},
{"learn":[0.2927814407],"iteration":296,"passed_time":0.1371596152,"remaining_time":0.324657271},
{"learn":[0.2920001271],"iteration":297,"passed_time":0.1374022434,"remaining_time":0.3236791104},
{"learn":[0.2916007721],"iteration":298,"passed_time":0.1376606219,"remaining_time":0.3227427958},
{"learn":[0.2913490585],"iteration":299,"passed_time":0.1380209183,"remaining_time":0.3220488094},
{"learn":[0.2909031736],"iteration":300,"passed_time":0.1382614632,"remaining_time":0.3210789461},
{"learn":[0.2904783327],"iteration":301,"passed_time":0.1385115915,"remaining_time":0.3201360625},
{"learn":[0.2897652625],"iteration":302,"passed_time":0.1387343445,"remaining_time":0.3191347792},
{"learn":[0.2896057281],"iteration":303,"passed_time":0.138949014,"remaining_time":0.318120111},
{"learn":[0.2890668946],"iteration":304,"passed_time":0.1392002257,"remaining_time":0.3171939569},
{"learn":[0.2883812668],"iteration":305,"passed_time":0.1394217286,"remaining_time":0.3162048355},
{"learn":[0.2876549017],"iteration":306,"passed_time":0.139673857,"remaining_time":0.3152898465},
{"learn":[0.2870559436],"iteration":307,"passed_time":0.1399208603,"remaining_time":0.3143676471},
{"learn":[0.2868381071],"iteration":308,"passed_time":0.1401655302,"remaining_time":0.3134445998},
{"learn":[0.2866151998],"iteration":309,"passed_time":0.1403887415,"remaining_time":0.3124781665},
{"learn":[0.2858804235],"iteration":310,"passed_time":0.1406197862,"remaining_time":0.3115338672},
{"learn":[0.2855759034],"iteration":311,"passed_time":0.1408600811,"remaining_time":0.3106145378},
{"learn":[0.285484187],"iteration":312,"passed_time":0.1410851257,"remaining_time":0.3096660747},
{"learn":[0.285083406],"iteration":313,"passed_time":0.1413123788,"remaining_time":0.308727044},
{"learn":[0.2846522086],"iteration":314,"passed_time":0.1415415901,"remaining_time":0.3077967912},
{"learn":[0.2841262749],"iteration":315,"passed_time":0.1417860101,"remaining_time":0.3069038952},
{"learn":[0.2836575305],"iteration":316,"passed_time":0.1420370134,"remaining_time":0.3060292749},
{"learn":[0.2833921502],"iteration":317,"passed_time":0.1422723915,"remaining_time":0.3051250661},
{"learn":[0.2830685185],"iteration":318,"passed_time":0.1424918111,"remaining_time":0.3041909823},
{"learn":[0.2827597309],"iteration":319,"passed_time":0.1427396477,"remaining_time":0.3033217514},
{"learn":[0.2819895737],"iteration":320,"passed_time":0.1429704841,"remaining_time":0.3024204322},
{"learn":[0.28130229],"iteration":321,"passed_time":0.1432187791,"remaining_time":0.301560038},
{"learn":[0.2811551978],"iteration":322,"passed_time":0.1434561989,"remaining_time":0.3006806398},
{"learn":[0.2808396636],"iteration":323,"passed_time":0.1437022439,"remaining_time":0.2998232002},
{"learn":[0.2804958175],"iteration":324,"passed_time":0.1439339553,"remaining_time":0.2989397533},
{"learn":[0.2800608661],"iteration":325,"passed_time":0.1441911254,"remaining_time":0.2981129402},
{"learn":[0.279510537],"iteration":326,"passed_time":0.1444390037,"remaining_time":0.2972704876},
{"learn":[0.2791086959],"iteration":327,"passed_time":0.1446794235,"remaining_time":0.2964163799},
{"learn":[0.2787493901],"iteration":328,"passed_time":0.1449195517,"remaining_time":0.2955654079},
{"learn":[0.278506524],"iteration":329,"passed_time":0.1451573049,"remaining_time":0.294713316},
{"learn":[0.2779649943],"iteration":330,"passed_time":0.1453913497,"remaining_time":0.2938574408},
{"learn":[0.2773081121],"iteration":331,"passed_time":0.1456427697,"remaining_time":0.2930402715},
{"learn":[0.2769999243],"iteration":332,"passed_time":0.1458803145,"remaining_time":0.292198708},
{"learn":[0.2765579672],"iteration":333,"passed_time":0.1461136509,"remaining_time":0.2913523698},
{"learn":[0.2761496895],"iteration":334,"passed_time":0.1463601542,"remaining_time":0.2905358285},
{"learn":[0.2757476184],"iteration":335,"passed_time":0.1465891156,"remaining_time":0.2896880141},
{"learn":[0.2756340828],"iteration":336,"passed_time":0.1468064101,"remaining_time":0.2888209196},
{"learn":[0.2755377127],"iteration":337,"passed_time":0.1470442883,"remaining_time":0.2879979848},
{"learn":[0.275166843],"iteration":338,"passed_time":0.1472761247,"remaining_time":0.287166721},
{"learn":[0.2749183344],"iteration":339,"passed_time":0.1475193363,"remaining_time":0.2863610645},
{"learn":[0.2745070376],"iteration":340,"passed_time":0.1477712563,"remaining_time":0.2855755364},
{"learn":[0.2742971955],"iteration":341,"passed_time":0.1479983843,"remaining_time":0.2847454295},
{"learn":[0.2738434529],"iteration":342,"passed_time":0.1482211373,"remaining_time":0.2839104583},
{"learn":[0.2735130403],"iteration":343,"passed_time":0.1484624321,"remaining_time":0.2831144055},
{"learn":[0.2730134205],"iteration":344,"passed_time":0.1486950602,"remaining_time":0.2823051144},
{"learn":[0.272423951],"iteration":345,"passed_time":0.148953147,"remaining_time":0.2815472779},
{"learn":[0.2720743091],"iteration":346,"passed_time":0.1491873585,"remaining_time":0.2807473921},
{"learn":[0.2715718192],"iteration":347,"passed_time":0.1494369868,"remaining_time":0.2799796419},
{"learn":[0.2710484608],"iteration":348,"passed_time":0.1496741566,"remaining_time":0.2791916216},
{"learn":[0.2707366701],"iteration":349,"passed_time":0.1499124098,"remaining_time":0.278408761},
{"learn":[0.2704420163],"iteration":350,"passed_time":0.1501684548,"remaining_time":0.2776619008},
{"learn":[0.2701544557],"iteration":351,"passed_time":0.1504113331,"remaining_time":0.2768935904},
{"learn":[0.2697489391],"iteration":352,"passed_time":0.1506712532,"remaining_time":0.2761594924},
{"learn":[0.2694449448],"iteration":353,"passed_time":0.150906798,"remaining_time":0.2753835918},
{"learn":[0.2690364878],"iteration":354,"passed_time":0.1511584263,"remaining_time":0.2746399577},
{"learn":[0.2688051843],"iteration":355,"passed_time":0.1514148464,"remaining_time":0.2739077558},
{"learn":[0.2683622454],"iteration":356,"passed_time":0.1516708498,"remaining_time":0.273177469},
{"learn":[0.2679371043],"iteration":357,"passed_time":0.1519189781,"remaining_time":0.2724357093},
{"learn":[0.2674736273],"iteration":358,"passed_time":0.152161273,"remaining_time":0.2716862841},
{"learn":[0.2670606459],"iteration":359,"passed_time":0.1523846093,"remaining_time":0.2709059721},
{"learn":[0.2668145691],"iteration":360,"passed_time":0.1526228625,"remaining_time":0.2701551499},
{"learn":[0.2665735824],"iteration":361,"passed_time":0.1528520322,"remaining_time":0.2693911506},
{"learn":[0.2662094035],"iteration":362,"passed_time":0.1530992855,"remaining_time":0.2686618315},
{"learn":[0.2660040696],"iteration":363,"passed_time":0.1533552055,"remaining_time":0.2679503042},
{"learn":[0.2656144585],"iteration":364,"passed_time":0.1535878753,"remaining_time":0.2672008241},
{"learn":[0.2654356692],"iteration":365,"passed_time":0.1538200034,"remaining_time":0.2664532299},
{"learn":[0.2649702855],"iteration":366,"passed_time":0.1540541732,"remaining_time":0.2657119662},
{"learn":[0.2647596687],"iteration":367,"passed_time":0.1542827595,"remaining_time":0.2649638696},
{"learn":[0.2645479524],"iteration":368,"passed_time":0.1545292211,"remaining_time":0.2642491559},
{"learn":[0.2644274231],"iteration":369,"passed_time":0.1547594325,"remaining_time":0.263509304},
{"learn":[0.264164858],"iteration":370,"passed_time":0.1549864772,"remaining_time":0.2627668306},
{"learn":[0.2636137424],"iteration":371,"passed_time":0.1552273971,"remaining_time":0.2620505521},
{"learn":[0.2632456548],"iteration":372,"passed_time":0.1554602335,"remaining_time":0.2613232344},
{"learn":[0.2628184235],"iteration":373,"passed_time":0.1557107368,"remaining_time":0.2606281317},
{"learn":[0.2626433079],"iteration":374,"passed_time":0.1559367815,"remaining_time":0.2598946359},
{"learn":[0.2624244625],"iteration":375,"passed_time":0.1561619928,"remaining_time":0.2591624562},
{"learn":[0.2622563311],"iteration":376,"passed_time":0.1563878709,"remaining_time":0.2584340677},
{"learn":[0.2620680063],"iteration":377,"passed_time":0.1566174989,"remaining_time":0.2577145088},
{"learn":[0.2618107132],"iteration":378,"passed_time":0.156873044,"remaining_time":0.2570400008},
{"learn":[0.2612545144],"iteration":379,"passed_time":0.1571078388,"remaining_time":0.2563338422},
{"learn":[0.2609811054],"iteration":380,"passed_time":0.1573397168,"remaining_time":0.2556254192},
{"learn":[0.2607515592],"iteration":381,"passed_time":0.1575820951,"remaining_time":0.2549364784},
{"learn":[0.2603235318],"iteration":382,"passed_time":0.1578265983,"remaining_time":0.2542532928},
{"learn":[0.2600404307],"iteration":383,"passed_time":0.1580720182,"remaining_time":0.2535738626},
{"learn":[0.2597572553],"iteration":384,"passed_time":0.1583185215,"remaining_time":0.2528984175},
{"learn":[0.2594521102],"iteration":385,"passed_time":0.1585409828,"remaining_time":0.2521869519},
{"learn":[0.2591109923],"iteration":386,"passed_time":0.158783486,"remaining_time":0.2515097595},
{"learn":[0.258955292],"iteration":387,"passed_time":0.1590234476,"remaining_time":0.2508307987},
{"learn":[0.2587790517],"iteration":388,"passed_time":0.1592647841,"remaining_time":0.2501562547},
{"learn":[0.2585027598],"iteration":389,"passed_time":0.1595005372,"remaining_time":0.2494751993},
{"learn":[0.2582748339],"iteration":390,"passed_time":0.1599322096,"remaining_time":0.2491015746},
{"learn":[0.25808605],"iteration":391,"passed_time":0.1601785879,"remaining_time":0.2484402588},
{"learn":[0.2578245532],"iteration":392,"passed_time":0.1604141744,"remaining_time":0.2477643864},
{"learn":[0.2576421231],"iteration":393,"passed_time":0.1606479275,"remaining_time":0.2470879291},
{"learn":[0.2575244871],"iteration":394,"passed_time":0.1608751388,"remaining_time":0.2464036937},
{"learn":[0.2572378799],"iteration":395,"passed_time":0.1611189754,"remaining_time":0.2457471241},
{"learn":[0.2569761867],"iteration":396,"passed_time":0.1613544785,"remaining_time":0.2450799762},
{"learn":[0.2567722276],"iteration":397,"passed_time":0.1615928567,"remaining_time":0.2444193461},
{"learn":[0.2566516933],"iteration":398,"passed_time":0.1618210681,"remaining_time":0.2437455186},
{"learn":[0.2563609222],"iteration":399,"passed_time":0.1620581129,"remaining_time":0.2430871694},
{"learn":[0.2561522811],"iteration":400,"passed_time":0.162288366,"remaining_time":0.2424207761},
{"learn":[0.2558902086],"iteration":401,"passed_time":0.1625130356,"remaining_time":0.241748247},
{"learn":[0.2554218429],"iteration":402,"passed_time":0.1627592472,"remaining_time":0.2411098526},
{"learn":[0.2551434319],"iteration":403,"passed_time":0.1630029171,"remaining_time":0.24046965},
{"learn":[0.2548812763],"iteration":404,"passed_time":0.1632302535,"remaining_time":0.2398074094},
{"learn":[0.2546209219],"iteration":405,"passed_time":0.1634691733,"remaining_time":0.2391642585},
{"learn":[0.2543346732],"iteration":406,"passed_time":0.1637031348,"remaining_time":0.2385158696},
{"learn":[0.2542683778],"iteration":407,"passed_time":0.1639360962,"remaining_time":0.2378680612},
{"learn":[0.2540469982],"iteration":408,"passed_time":0.1641835578,"remaining_time":0.2372432339},
{"learn":[0.2536277998],"iteration":409,"passed_time":0.1644173943,"remaining_time":0.2366006405},
{"learn":[0.253423766],"iteration":410,"passed_time":0.1646430223,"remaining_time":0.2359482728},
{"learn":[0.2531778653],"iteration":411,"passed_time":0.1648798588,"remaining_time":0.2353139732},
{"learn":[0.2529393204],"iteration":412,"passed_time":0.1651068618,"remaining_time":0.2346676219},
{"learn":[0.252706002],"iteration":413,"passed_time":0.1653599485,"remaining_time":0.2340602169},
{"learn":[0.252569964],"iteration":414,"passed_time":0.1656333688,"remaining_time":0.2334831825},
{"learn":[0.2522675379],"iteration":415,"passed_time":0.1658773303,"remaining_time":0.2328662522},
{"learn":[0.2520173462],"iteration":416,"passed_time":0.1661194169,"remaining_time":0.2322484893},
{"learn":[0.2517766399],"iteration":417,"passed_time":0.1663566701,"remaining_time":0.2316257942},
{"learn":[0.2515410999],"iteration":418,"passed_time":0.1666005483,"remaining_time":0.2310141254},
{"learn":[0.2512692637],"iteration":419,"passed_time":0.1668393848,"remaining_time":0.2303972457},
{"learn":[0.2510475239],"iteration":420,"passed_time":0.1670695545,"remaining_time":0.2297702425},
{"learn":[0.2508375366],"iteration":421,"passed_time":0.1673173912,"remaining_time":0.2291693177},
{"learn":[0.2506462956],"iteration":422,"passed_time":0.167557936,"remaining_time":0.228560116},
{"learn":[0.2503587292],"iteration":423,"passed_time":0.1678051476,"remaining_time":0.22796171},
{"learn":[0.2501367059],"iteration":424,"passed_time":0.1680325257,"remaining_time":0.227338123},
{"learn":[0.2498526395],"iteration":425,"passed_time":0.1682817373,"remaining_time":0.2267458151},
{"learn":[0.2497124172],"iteration":426,"passed_time":0.1685245322,"remaining_time":0.2261465034},
{"learn":[0.2494478944],"iteration":427,"passed_time":0.1687637021,"remaining_time":0.225544013},
{"learn":[0.24928827],"iteration":428,"passed_time":0.1689913717,"remaining_time":0.2249279097},
{"learn":[0.2490493058],"iteration":429,"passed_time":0.1692400001,"remaining_time":0.2243413954},
{"learn":[0.24886859],"iteration":430,"passed_time":0.1694691281,"remaining_time":0.2237307051},
{"learn":[0.2486605526],"iteration":431,"passed_time":0.1697086313,"remaining_time":0.2231354226},
{"learn":[0.2483600175],"iteration":432,"passed_time":0.1699567596,"remaining_time":0.2225530778},
{"learn":[0.2480922498],"iteration":433,"passed_time":0.1701904294,"remaining_time":0.2219534171},
{"learn":[0.2478323283],"iteration":434,"passed_time":0.1704301409,"remaining_time":0.2213632864},
{"learn":[0.2475666021],"iteration":435,"passed_time":0.1706713941,"remaining_time":0.2207767575},
{"learn":[0.2472979111],"iteration":436,"passed_time":0.1709134806,"remaining_time":0.2201928824},
{"learn":[0.2470843681],"iteration":437,"passed_time":0.1711366919,"remaining_time":0.219586349},
{"learn":[0.2467809012],"iteration":438,"passed_time":0.1713621949,"remaining_time":0.2189844906},
{"learn":[0.2464951904],"iteration":439,"passed_time":0.1715907813,"remaining_time":0.2183882671},
{"learn":[0.2463060474],"iteration":440,"passed_time":0.1718206594,"remaining_time":0.2177953483},
{"learn":[0.2459528895],"iteration":441,"passed_time":0.1720729127,"remaining_time":0.2172323197},
{"learn":[0.2458013677],"iteration":442,"passed_time":0.1723149993,"remaining_time":0.216657911},
{"learn":[0.2456260066],"iteration":443,"passed_time":0.172546544,"remaining_time":0.2160717984},
{"learn":[0.2454723694],"iteration":444,"passed_time":0.1727702553,"remaining_time":0.2154775094},
{"learn":[0.2453088933],"iteration":445,"passed_time":0.1730154252,"remaining_time":0.2149115372},
{"learn":[0.2450467371],"iteration":446,"passed_time":0.1732481367,"remaining_time":0.2143315874},
{"learn":[0.244890306],"iteration":447,"passed_time":0.1734926399,"remaining_time":0.2137677171},
{"learn":[0.2447344875],"iteration":448,"passed_time":0.1737405182,"remaining_time":0.213209411},
{"learn":[0.2445076818],"iteration":449,"passed_time":0.1739626045,"remaining_time":0.2126209611},
{"learn":[0.2442236528],"iteration":450,"passed_time":0.1741924826,"remaining_time":0.2120436207},
{"learn":[0.2439900476],"iteration":451,"passed_time":0.1744450693,"remaining_time":0.2114953495},
{"learn":[0.2437370331],"iteration":452,"passed_time":0.1746768223,"remaining_time":0.210923227},
{"learn":[0.2434950193],"iteration":453,"passed_time":0.1749202839,"remaining_time":0.2103666851},
{"learn":[0.2432134147],"iteration":454,"passed_time":0.1751482453,"remaining_time":0.2097929531},
{"learn":[0.2430982457],"iteration":455,"passed_time":0.1753685399,"remaining_time":0.2092115914},
{"learn":[0.2427349429],"iteration":456,"passed_time":0.1755960012,"remaining_time":0.2086403253},
{"learn":[0.2424009271],"iteration":457,"passed_time":0.1758348794,"remaining_time":0.2080840713},
{"learn":[0.2421975598],"iteration":458,"passed_time":0.1760747159,"remaining_time":0.2075303297},
{"learn":[0.2420478259],"iteration":459,"passed_time":0.1763241359,"remaining_time":0.206989203},
{"learn":[0.2417792126],"iteration":460,"passed_time":0.1765578057,"remaining_time":0.2064309268},
{"learn":[0.2416855901],"iteration":461,"passed_time":0.1767836003,"remaining_time":0.2058648853},
{"learn":[0.2414625313],"iteration":462,"passed_time":0.1770148534,"remaining_time":0.2053066442},
{"learn":[0.2412699077],"iteration":463,"passed_time":0.1772568566,"remaining_time":0.2047622309},
{"learn":[0.2411233278],"iteration":464,"passed_time":0.1775037349,"remaining_time":0.2042247273},
{"learn":[0.2410110081],"iteration":465,"passed_time":0.1777396964,"remaining_time":0.2036759611},
{"learn":[0.2408618053],"iteration":466,"passed_time":0.1779908664,"remaining_time":0.2031458925},
{"learn":[0.2407366011],"iteration":467,"passed_time":0.1782155777,"remaining_time":0.2025869388},
{"learn":[0.2404666455],"iteration":468,"passed_time":0.1784518725,"remaining_time":0.2020425252},
{"learn":[0.2402205895],"iteration":469,"passed_time":0.1786950841,"remaining_time":0.2015072225},
{"learn":[0.2401109341],"iteration":470,"passed_time":0.1789529625,"remaining_time":0.2009896331},
{"learn":[0.2398043093],"iteration":471,"passed_time":0.1791954657,"remaining_time":0.2004559447},
{"learn":[0.2395627549],"iteration":472,"passed_time":0.1794188854,"remaining_time":0.1999022254},
{"learn":[0.2393921755],"iteration":473,"passed_time":0.1796716387,"remaining_time":0.1993824514},
{"learn":[0.239096753],"iteration":474,"passed_time":0.17989285,"remaining_time":0.1988289395},
{"learn":[0.2387467114],"iteration":475,"passed_time":0.1801272281,"remaining_time":0.1982913184},
{"learn":[0.2386449779],"iteration":476,"passed_time":0.1803525645,"remaining_time":0.197745055},
{"learn":[0.2384459332],"iteration":477,"passed_time":0.1805883593,"remaining_time":0.1972115555},
{"learn":[0.2383117667],"iteration":478,"passed_time":0.1808247374,"remaining_time":0.1966799336},
{"learn":[0.2381061324],"iteration":479,"passed_time":0.181044157,"remaining_time":0.1961311701},
{"learn":[0.238009101],"iteration":480,"passed_time":0.1812742434,"remaining_time":0.1955952855},
{"learn":[0.2377204442],"iteration":481,"passed_time":0.1815312885,"remaining_time":0.195089642},
{"learn":[0.2376075185],"iteration":482,"passed_time":0.1817829585,"remaining_time":0.1945792744},
{"learn":[0.2374548325],"iteration":483,"passed_time":0.1820135865,"remaining_time":0.1940475427},
{"learn":[0.2372615587],"iteration":484,"passed_time":0.1822736317,"remaining_time":0.1935482893},
{"learn":[0.2370078079],"iteration":485,"passed_time":0.1825111765,"remaining_time":0.1930262237},
{"learn":[0.2368738651],"iteration":486,"passed_time":0.1827555547,"remaining_time":0.1925125248},
{"learn":[0.2365642294],"iteration":487,"passed_time":0.1830139748,"remaining_time":0.1920146621},
{"learn":[0.236371579],"iteration":488,"passed_time":0.1832560197,"remaining_time":0.1915006668},
{"learn":[0.236059086],"iteration":489,"passed_time":0.1834935646,"remaining_time":0.1909830978},
{"learn":[0.235870302],"iteration":490,"passed_time":0.183725651,"remaining_time":0.1904610109},
{"learn":[0.2357667133],"iteration":491,"passed_time":0.1839649458,"remaining_time":0.1899475457},
{"learn":[0.2354695474],"iteration":492,"passed_time":0.1841947405,"remaining_time":0.1894254228},
{"learn":[0.2352950158],"iteration":493,"passed_time":0.1844331604,"remaining_time":0.1889133181},
{"learn":[0.2351378817],"iteration":494,"passed_time":0.1846772053,"remaining_time":0.1884080579},
{"learn":[0.2349606837],"iteration":495,"passed_time":0.1848949165,"remaining_time":0.1878770926},
{"learn":[0.2347786183],"iteration":496,"passed_time":0.1851373781,"remaining_time":0.187372437},
{"learn":[0.2346407595],"iteration":497,"passed_time":0.1853729645,"remaining_time":0.186861904},
{"learn":[0.2345026873],"iteration":498,"passed_time":0.1856165094,"remaining_time":0.1863604634},
{"learn":[0.2342927615],"iteration":499,"passed_time":0.1858586377,"remaining_time":0.1858586377},
{"learn":[0.2338890402],"iteration":500,"passed_time":0.1860949741,"remaining_time":0.18535208},
{"learn":[0.2338165614],"iteration":501,"passed_time":0.1863201021,"remaining_time":0.1848354798},
{"learn":[0.2337115351],"iteration":502,"passed_time":0.1865648137,"remaining_time":0.1843393885},
{"learn":[0.2335973529],"iteration":503,"passed_time":0.1868707761,"remaining_time":0.1839045733},
{"learn":[0.2333802956],"iteration":504,"passed_time":0.1871153627,"remaining_time":0.183410108},
{"learn":[0.2331743222],"iteration":505,"passed_time":0.1873426991,"remaining_time":0.1828997892},
{"learn":[0.2330335847],"iteration":506,"passed_time":0.1875612853,"remaining_time":0.1823820782},
{"learn":[0.2329367131],"iteration":507,"passed_time":0.1878057886,"remaining_time":0.1818906456},
{"learn":[0.2327170296],"iteration":508,"passed_time":0.1880348333,"remaining_time":0.1813852714},
{"learn":[0.2326098973],"iteration":509,"passed_time":0.1882900033,"remaining_time":0.1809060816},
{"learn":[0.2323759953],"iteration":510,"passed_time":0.1885441317,"remaining_time":0.1804267718},
{"learn":[0.2322051176],"iteration":511,"passed_time":0.188769093,"remaining_time":0.1799205418},
{"learn":[0.2320409662],"iteration":512,"passed_time":0.1890010128,"remaining_time":0.1794220141},
{"learn":[0.2318861905],"iteration":513,"passed_time":0.1892304742,"remaining_time":0.1789221993},
{"learn":[0.2317381483],"iteration":514,"passed_time":0.1894625189,"remaining_time":0.1784258673},
{"learn":[0.2315451805],"iteration":515,"passed_time":0.1897115639,"remaining_time":0.1779465057},
{"learn":[0.2314305852],"iteration":516,"passed_time":0.1899409419,"remaining_time":0.1774496614},
{"learn":[0.2310996226],"iteration":517,"passed_time":0.1901781534,"remaining_time":0.1769611389},
{"learn":[0.2309347054],"iteration":518,"passed_time":0.1904094482,"remaining_time":0.1764681013},
{"learn":[0.2308422145],"iteration":519,"passed_time":0.1906557848,"remaining_time":0.1759899552},
{"learn":[0.2307268302],"iteration":520,"passed_time":0.1908930379,"remaining_time":0.1755043477},
{"learn":[0.2305605492],"iteration":521,"passed_time":0.191126666,"remaining_time":0.1750163723},
{"learn":[0.2304760845],"iteration":522,"passed_time":0.1913632525,"remaining_time":0.1745320678},
{"learn":[0.230354822],"iteration":523,"passed_time":0.1916047974,"remaining_time":0.1740532129},
{"learn":[0.2301919146],"iteration":524,"passed_time":0.191828717,"remaining_time":0.1735593154},
{"learn":[0.2300375664],"iteration":525,"passed_time":0.192076887,"remaining_time":0.1730882974},
{"learn":[0.2297837057],"iteration":526,"passed_time":0.1923166819,"remaining_time":0.1726106082},
{"learn":[0.2295205332],"iteration":527,"passed_time":0.1925408515,"remaining_time":0.1721198521},
{"learn":[0.2294171979],"iteration":528,"passed_time":0.192801605,"remaining_time":0.1716626766},
{"learn":[0.2291097099],"iteration":529,"passed_time":0.1930353997,"remaining_time":0.1711823356},
{"learn":[0.2287708926],"iteration":530,"passed_time":0.1932692779,"remaining_time":0.1707029968},
{"learn":[0.228575061],"iteration":531,"passed_time":0.193506531,"remaining_time":0.1702275498},
{"learn":[0.2285236253],"iteration":532,"passed_time":0.1937303673,"remaining_time":0.1697412412},
{"learn":[0.2283299978],"iteration":533,"passed_time":0.1939740789,"remaining_time":0.1692732599},
{"learn":[0.228152821],"iteration":534,"passed_time":0.194235999,"remaining_time":0.1688219431},
{"learn":[0.2278467079],"iteration":535,"passed_time":0.1944812106,"remaining_time":0.1683568689},
{"learn":[0.2277216122],"iteration":536,"passed_time":0.1946952135,"remaining_time":0.1678657055},
{"learn":[0.227583174],"iteration":537,"passed_time":0.1949253415,"remaining_time":0.1673894197},
{"learn":[0.2274200825],"iteration":538,"passed_time":0.1951573446,"remaining_time":0.166915651},
{"learn":[0.2271448777],"iteration":539,"passed_time":0.1953816393,"remaining_time":0.1664362112},
{"learn":[0.226962936],"iteration":540,"passed_time":0.1956253508,"remaining_time":0.1659741886},
{"learn":[0.2268769089],"iteration":541,"passed_time":0.1958508955,"remaining_time":0.1654976202},
{"learn":[0.226800052],"iteration":542,"passed_time":0.1960958154,"remaining_time":0.165038283},
{"learn":[0.2266815001],"iteration":543,"passed_time":0.1963247351,"remaining_time":0.1645663221},
{"learn":[0.2266175297],"iteration":544,"passed_time":0.1965664467,"remaining_time":0.1641059326},
{"learn":[0.2263943855],"iteration":545,"passed_time":0.1967954914,"remaining_time":0.1636358115},
{"learn":[0.2262733655],"iteration":546,"passed_time":0.1970373696,"remaining_time":0.1631772001},
{"learn":[0.226027056],"iteration":547,"passed_time":0.197290748,"remaining_time":0.1627288651},
{"learn":[0.2259170544],"iteration":548,"passed_time":0.1975469181,"remaining_time":0.1622835338},
{"learn":[0.2257646677],"iteration":549,"passed_time":0.1977672543,"remaining_time":0.1618095717},
{"learn":[0.2255652398],"iteration":550,"passed_time":0.1980134659,"remaining_time":0.1613576156},
{"learn":[0.2253695924],"iteration":551,"passed_time":0.1982383023,"remaining_time":0.1608890569},
{"learn":[0.2251858393],"iteration":552,"passed_time":0.1984638469,"remaining_time":0.1604219522},
{"learn":[0.2250630907],"iteration":553,"passed_time":0.1988207683,"remaining_time":0.160061485},
{"learn":[0.2248512401],"iteration":554,"passed_time":0.1990780218,"remaining_time":0.1596211165},
{"learn":[0.2246136274],"iteration":555,"passed_time":0.1993150249,"remaining_time":0.1591652357},
{"learn":[0.2244626019],"iteration":556,"passed_time":0.1995532364,"remaining_time":0.1587111018},
{"learn":[0.2242024141],"iteration":557,"passed_time":0.199795323,"remaining_time":0.1582608114},
{"learn":[0.22412641],"iteration":558,"passed_time":0.2000534097,"remaining_time":0.1578238885},
{"learn":[0.2240637101],"iteration":559,"passed_time":0.2002847461,"remaining_time":0.1573665862},
{"learn":[0.2239602847],"iteration":560,"passed_time":0.2005228326,"remaining_time":0.1569153717},
{"learn":[0.2237748007],"iteration":561,"passed_time":0.2007602941,"remaining_time":0.1564644285},
{"learn":[0.2236683093],"iteration":562,"passed_time":0.2009945472,"remaining_time":0.1560117534},
{"learn":[0.2234754388],"iteration":563,"passed_time":0.2012363421,"remaining_time":0.1555656829},
{"learn":[0.2233635934],"iteration":564,"passed_time":0.2014741786,"remaining_time":0.155117288},
{"learn":[0.2232243879],"iteration":565,"passed_time":0.2017162652,"remaining_time":0.1546728959},
{"learn":[0.2229812157],"iteration":566,"passed_time":0.2019411848,"remaining_time":0.1542161076},
{"learn":[0.2228952014],"iteration":567,"passed_time":0.202178813,"remaining_time":0.1537698014},
{"learn":[0.2227290806],"iteration":568,"passed_time":0.2024620251,"remaining_time":0.1533587571},
{"learn":[0.2226111514],"iteration":569,"passed_time":0.2027021949,"remaining_time":0.1529156909},
{"learn":[0.2224516903],"iteration":570,"passed_time":0.2029559483,"remaining_time":0.1524835408},
{"learn":[0.2222673851],"iteration":571,"passed_time":0.2031941598,"remaining_time":0.1520403853},
{"learn":[0.2221253227],"iteration":572,"passed_time":0.2034284963,"remaining_time":0.1515950574},
{"learn":[0.2220606553],"iteration":573,"passed_time":0.203660791,"remaining_time":0.1511489494},
{"learn":[0.2218505205],"iteration":574,"passed_time":0.2038939608,"remaining_time":0.1507042319},
{"learn":[0.2216903943],"iteration":575,"passed_time":0.2041283806,"remaining_time":0.150261169},
{"learn":[0.2215782941],"iteration":576,"passed_time":0.2043606753,"remaining_time":0.1498172715},
{"learn":[0.2214917987],"iteration":577,"passed_time":0.2045962618,"remaining_time":0.1493765095},
{"learn":[0.2213846159],"iteration":578,"passed_time":0.2048373067,"remaining_time":0.148940425},
{"learn":[0.2212634373],"iteration":579,"passed_time":0.2050638513,"remaining_time":0.148494513},
{"learn":[0.2211661813],"iteration":580,"passed_time":0.2053046045,"remaining_time":0.1480596029},
{"learn":[0.2210979664],"iteration":581,"passed_time":0.2055509828,"remaining_time":0.1476294},
{"learn":[0.2208741409],"iteration":582,"passed_time":0.2057840692,"remaining_time":0.1471903205},
{"learn":[0.2207504762],"iteration":583,"passed_time":0.2060251141,"remaining_time":0.1467576155},
{"learn":[0.2205530546],"iteration":584,"passed_time":0.2062581172,"remaining_time":0.1463198609},
{"learn":[0.2203957021],"iteration":585,"passed_time":0.2064984537,"remaining_time":0.1458879861},
{"learn":[0.2203608909],"iteration":586,"passed_time":0.2067240401,"remaining_time":0.1454463859},
{"learn":[0.2201842327],"iteration":587,"passed_time":0.2069753767,"remaining_time":0.1450235633},
{"learn":[0.2201003064],"iteration":588,"passed_time":0.2072123382,"remaining_time":0.144591292},
{"learn":[0.2199748344],"iteration":589,"passed_time":0.2074464663,"remaining_time":0.1441577139},
{"learn":[0.2198249054],"iteration":590,"passed_time":0.2076800528,"remaining_time":0.1437244359},
{"learn":[0.2196899656],"iteration":591,"passed_time":0.2079186393,"remaining_time":0.1432952784},
{"learn":[0.219579148],"iteration":592,"passed_time":0.2081570591,"remaining_time":0.1428666493},
{"learn":[0.2194353665],"iteration":593,"passed_time":0.2083818954,"remaining_time":0.1424293763},
{"learn":[0.2192544059],"iteration":594,"passed_time":0.2086120652,"remaining_time":0.1419964477},
{"learn":[0.2190511391],"iteration":595,"passed_time":0.2088554017,"remaining_time":0.1415731247},
{"learn":[0.2189033957],"iteration":596,"passed_time":0.2090888632,"remaining_time":0.1411437385},
{"learn":[0.2187006707],"iteration":597,"passed_time":0.2093188662,"remaining_time":0.1407126827},
{"learn":[0.2184701066],"iteration":598,"passed_time":0.2095474526,"remaining_time":0.1402813497},
{"learn":[0.2182639614],"iteration":599,"passed_time":0.2098729569,"remaining_time":0.1399153046},
{"learn":[0.21815344],"iteration":600,"passed_time":0.210105835,"remaining_time":0.1394879005},
{"learn":[0.2180190865],"iteration":601,"passed_time":0.2103773386,"remaining_time":0.139086679},
{"learn":[0.2178655606],"iteration":602,"passed_time":0.2106237586,"remaining_time":0.1386693734},
{"learn":[0.2176774667],"iteration":603,"passed_time":0.2108659701,"remaining_time":0.1382498745},
{"learn":[0.2173850115],"iteration":604,"passed_time":0.2111149318,"remaining_time":0.1378353687},
{"learn":[0.2171504562],"iteration":605,"passed_time":0.211359185,"remaining_time":0.137418348},
{"learn":[0.2170226375],"iteration":606,"passed_time":0.2115945215,"remaining_time":0.1369961235},
{"learn":[0.2167767736],"iteration":607,"passed_time":0.2118335247,"remaining_time":0.1365768777},
{"learn":[0.2167149848],"iteration":608,"passed_time":0.2120789446,"remaining_time":0.1361623437},
{"learn":[0.2164485667],"iteration":609,"passed_time":0.2123176144,"remaining_time":0.1357440486},
{"learn":[0.2163212399],"iteration":610,"passed_time":0.2125635344,"remaining_time":0.1353309572},
{"learn":[0.2161731156],"iteration":611,"passed_time":0.2128014542,"remaining_time":0.1349133402},
{"learn":[0.2160745193],"iteration":612,"passed_time":0.2130230405,"remaining_time":0.1344859978},
{"learn":[0.2158867394],"iteration":613,"passed_time":0.2132600436,"remaining_time":0.1340690177},
{"learn":[0.2157409699],"iteration":614,"passed_time":0.2134879633,"remaining_time":0.1336469364},
{"learn":[0.2156731725],"iteration":615,"passed_time":0.2137219248,"remaining_time":0.1332292518},
{"learn":[0.2155419046],"iteration":616,"passed_time":0.2139711781,"remaining_time":0.1328216551},
{"learn":[0.2153812883],"iteration":617,"passed_time":0.2142113896,"remaining_time":0.1324089819},
{"learn":[0.2153123583],"iteration":618,"passed_time":0.2144475594,"remaining_time":0.1319943783},
{"learn":[0.2151670478],"iteration":619,"passed_time":0.2147115213,"remaining_time":0.131597384},
{"learn":[0.2150792542],"iteration":620,"passed_time":0.2149523995,"remaining_time":0.1311867301},
{"learn":[0.2149949225],"iteration":621,"passed_time":0.2151821942,"remaining_time":0.1307698865},
{"learn":[0.214877861],"iteration":622,"passed_time":0.2154126139,"remaining_time":0.1303540216},
{"learn":[0.2148157562],"iteration":623,"passed_time":0.2156629922,"remaining_time":0.1299507774},
{"learn":[0.214677608],"iteration":624,"passed_time":0.2159085372,"remaining_time":0.1295451223},
{"learn":[0.2145313813],"iteration":625,"passed_time":0.2161429986,"remaining_time":0.129133357},
{"learn":[0.2144478447],"iteration":626,"passed_time":0.2163552098,"remaining_time":0.1287089207},
{"learn":[0.2143405304],"iteration":627,"passed_time":0.216599088,"remaining_time":0.1283039184},
{"learn":[0.2142201131],"iteration":628,"passed_time":0.2168517581,"remaining_time":0.1279046141},
{"learn":[0.2139972368],"iteration":629,"passed_time":0.2171013864,"remaining_time":0.1275039888},
{"learn":[0.2138797848],"iteration":630,"passed_time":0.2173312228,"remaining_time":0.1270922681},
{"learn":[0.2137639719],"iteration":631,"passed_time":0.2175736843,"remaining_time":0.1266884744},
{"learn":[0.2135987388],"iteration":632,"passed_time":0.2178064791,"remaining_time":0.1262795858},
{"learn":[0.2133828379],"iteration":633,"passed_time":0.2180423155,"remaining_time":0.1258730087},
{"learn":[0.2132634544],"iteration":634,"passed_time":0.218280027,"remaining_time":0.125468047},
{"learn":[0.2131575695],"iteration":635,"passed_time":0.2185076134,"remaining_time":0.1250578165},
{"learn":[0.2130703677],"iteration":636,"passed_time":0.2187826171,"remaining_time":0.1246751805},
{"learn":[0.2130025249],"iteration":637,"passed_time":0.2190343287,"remaining_time":0.1242796661},
{"learn":[0.2129183118],"iteration":638,"passed_time":0.219258165,"remaining_time":0.1238688538},
{"learn":[0.2128508324],"iteration":639,"passed_time":0.2194928348,"remaining_time":0.1234647196},
{"learn":[0.2126439672],"iteration":640,"passed_time":0.219729463,"remaining_time":0.1230622109},
{"learn":[0.212477067],"iteration":641,"passed_time":0.2199737996,"remaining_time":0.1226645175},
{"learn":[0.2123691974],"iteration":642,"passed_time":0.220207636,"remaining_time":0.1222614713},
{"learn":[0.2121766711],"iteration":643,"passed_time":0.2204406808,"remaining_time":0.121858513},
{"learn":[0.2120662777],"iteration":644,"passed_time":0.2206818923,"remaining_time":0.1214605764},
{"learn":[0.211855151],"iteration":645,"passed_time":0.2209123537,"remaining_time":0.1210572341},
{"learn":[0.2117942421],"iteration":646,"passed_time":0.2211487318,"remaining_time":0.1206576543},
{"learn":[0.2116281189],"iteration":647,"passed_time":0.2213811933,"remaining_time":0.1202564507},
{"learn":[0.2115593697],"iteration":648,"passed_time":0.2216209048,"remaining_time":0.1198596881},
{"learn":[0.2114665755],"iteration":649,"passed_time":0.2218557412,"remaining_time":0.1194607837},
{"learn":[0.2113271099],"iteration":650,"passed_time":0.2220807026,"remaining_time":0.1190570894},
{"learn":[0.2111156047],"iteration":651,"passed_time":0.2222966638,"remaining_time":0.1186491396},
{"learn":[0.2109352675],"iteration":652,"passed_time":0.2225271668,"remaining_time":0.1182495052},
{"learn":[0.2108634001],"iteration":653,"passed_time":0.2227520448,"remaining_time":0.1178474121},
{"learn":[0.2107284793],"iteration":654,"passed_time":0.2229971731,"remaining_time":0.1174565263},
{"learn":[0.2105993539],"iteration":655,"passed_time":0.2232295095,"remaining_time":0.1170593769},
{"learn":[0.2105417635],"iteration":656,"passed_time":0.2234624293,"remaining_time":0.1166630339},
{"learn":[0.210458016],"iteration":657,"passed_time":0.2236861823,"remaining_time":0.116262423},
{"learn":[0.210386688],"iteration":658,"passed_time":0.2239404356,"remaining_time":0.1158781313},
{"learn":[0.2103337619],"iteration":659,"passed_time":0.2241712304,"remaining_time":0.115482149},
{"learn":[0.2102350287],"iteration":660,"passed_time":0.2244182337,"remaining_time":0.1150949791},
{"learn":[0.210090121],"iteration":661,"passed_time":0.2247627799,"remaining_time":0.1147580357},
{"learn":[0.2100215518],"iteration":662,"passed_time":0.2249928246,"remaining_time":0.1143628686},
{"learn":[0.2099138923],"iteration":663,"passed_time":0.2252282028,"remaining_time":0.1139708978},
{"learn":[0.209842691],"iteration":664,"passed_time":0.2254761227,"remaining_time":0.113585716},
{"learn":[0.2097018077],"iteration":665,"passed_time":0.2257149592,"remaining_time":0.113196391},
{"learn":[0.2096103983],"iteration":666,"passed_time":0.2259596708,"remaining_time":0.1128104503},
{"learn":[0.2095142252],"iteration":667,"passed_time":0.2261958823,"remaining_time":0.112420708},
{"learn":[0.2094274093],"iteration":668,"passed_time":0.2264205519,"remaining_time":0.112025714},
{"learn":[0.2093202282],"iteration":669,"passed_time":0.2266715969,"remaining_time":0.1116442194},
{"learn":[0.2091930521],"iteration":670,"passed_time":0.2269151002,"remaining_time":0.1112594157},
{"learn":[0.2091210436],"iteration":671,"passed_time":0.2271502283,"remaining_time":0.1108709448},
{"learn":[0.2090450629],"iteration":672,"passed_time":0.2274041067,"remaining_time":0.1104920399},
{"learn":[0.208911728],"iteration":673,"passed_time":0.2276370264,"remaining_time":0.1101033689},
{"learn":[0.208773513],"iteration":674,"passed_time":0.2278833631,"remaining_time":0.1097216192},
{"learn":[0.208683702],"iteration":675,"passed_time":0.228133783,"remaining_time":0.1093422274},
{"learn":[0.208558132],"iteration":676,"passed_time":0.2283958282,"remaining_time":0.1089687629},
{"learn":[0.2084051724],"iteration":677,"passed_time":0.2286232479,"remaining_time":0.1085791826},
{"learn":[0.2083695491],"iteration":678,"passed_time":0.2288603344,"remaining_time":0.10819465},
{"learn":[0.2082454039],"iteration":679,"passed_time":0.2290917958,"remaining_time":0.1078079039},
{"learn":[0.2081969403],"iteration":680,"passed_time":0.229309382,"remaining_time":0.1074151143},
{"learn":[0.2081560213],"iteration":681,"passed_time":0.2295395101,"remaining_time":0.1070286865},
{"learn":[0.2081167482],"iteration":682,"passed_time":0.2297867634,"remaining_time":0.1066506647},
{"learn":[0.2080296292],"iteration":683,"passed_time":0.2300380584,"remaining_time":0.1062748925},
{"learn":[0.2079658454],"iteration":684,"passed_time":0.230259603,"remaining_time":0.1058858028},
{"learn":[0.2078652994],"iteration":685,"passed_time":0.2304812726,"remaining_time":0.1054972589},
{"learn":[0.2078202332],"iteration":686,"passed_time":0.2307044422,"remaining_time":0.1051098842},
{"learn":[0.2077104205],"iteration":687,"passed_time":0.230934862,"remaining_time":0.1047262746},
{"learn":[0.2076717486],"iteration":688,"passed_time":0.2311679901,"remaining_time":0.1043443322},
{"learn":[0.2075872625],"iteration":689,"passed_time":0.2314188684,"remaining_time":0.1039707959},
{"learn":[0.2074946417],"iteration":690,"passed_time":0.2316514131,"remaining_time":0.1035894163},
{"learn":[0.2073477445],"iteration":691,"passed_time":0.2318829996,"remaining_time":0.1032080403},
{"learn":[0.2072721358],"iteration":692,"passed_time":0.2321015025,"remaining_time":0.1028213005},
{"learn":[0.2070826289],"iteration":693,"passed_time":0.2323417557,"remaining_time":0.1024446358},
{"learn":[0.2069901039],"iteration":694,"passed_time":0.232566342,"remaining_time":0.1020614882},
{"learn":[0.2069466117],"iteration":695,"passed_time":0.2327886783,"remaining_time":0.1016778135},
{"learn":[0.2068090737],"iteration":696,"passed_time":0.2330261814,"remaining_time":0.1013011951},
{"learn":[0.2066348787],"iteration":697,"passed_time":0.2332614346,"remaining_time":0.1009240018},
{"learn":[0.2065723343],"iteration":698,"passed_time":0.2334890209,"remaining_time":0.1005439132},
{"learn":[0.2063967104],"iteration":699,"passed_time":0.2337339825,"remaining_time":0.1001717068},
{"learn":[0.2062915124],"iteration":700,"passed_time":0.2339626939,"remaining_time":0.0997929322},
{"learn":[0.2061603888],"iteration":701,"passed_time":0.2341884885,"remaining_time":0.09941334699},
{"learn":[0.2060403256],"iteration":702,"passed_time":0.2344334918,"remaining_time":0.09904231446},
{"learn":[0.205916823],"iteration":703,"passed_time":0.2346654532,"remaining_time":0.09866615647},
{"learn":[0.2058548041],"iteration":704,"passed_time":0.2349060398,"remaining_time":0.09829401663},
{"learn":[0.2057852383],"iteration":705,"passed_time":0.2351367095,"remaining_time":0.09791811981},
{"learn":[0.2056826202],"iteration":706,"passed_time":0.2353779627,"remaining_time":0.0975470199},
{"learn":[0.2055456017],"iteration":707,"passed_time":0.2356384662,"remaining_time":0.09718422616},
{"learn":[0.2054574275],"iteration":708,"passed_time":0.2358885111,"remaining_time":0.09681742841},
{"learn":[0.2054127195],"iteration":709,"passed_time":0.2361357228,"remaining_time":0.09644980226},
{"learn":[0.2053611316],"iteration":710,"passed_time":0.236380726,"remaining_time":0.09608161719},
{"learn":[0.20519062],"iteration":711,"passed_time":0.2366191459,"remaining_time":0.09571111518},
{"learn":[0.2050912071],"iteration":712,"passed_time":0.2368461072,"remaining_time":0.09533637135},
{"learn":[0.2049998597],"iteration":713,"passed_time":0.2370785686,"remaining_time":0.09496424458},
{"learn":[0.2049145323],"iteration":714,"passed_time":0.2373174468,"remaining_time":0.09459506621},
{"learn":[0.2048155278],"iteration":715,"passed_time":0.2375694502,"remaining_time":0.09423145789},
{"learn":[0.2047153544],"iteration":716,"passed_time":0.237808495,"remaining_time":0.09386304615},
{"learn":[0.2045870718],"iteration":717,"passed_time":0.2380380814,"remaining_time":0.09349127988},
{"learn":[0.2045032487],"iteration":718,"passed_time":0.2382696678,"remaining_time":0.09312069076},
{"learn":[0.2044313554],"iteration":719,"passed_time":0.2384940041,"remaining_time":0.09274766827},
{"learn":[0.204346646],"iteration":720,"passed_time":0.2387333406,"remaining_time":0.09238086274},
{"learn":[0.2043020554],"iteration":721,"passed_time":0.2389665937,"remaining_time":0.09201206795},
{"learn":[0.2042268463],"iteration":722,"passed_time":0.2392054719,"remaining_time":0.09164580321},
{"learn":[0.204156872],"iteration":723,"passed_time":0.2394297249,"remaining_time":0.09127431502},
{"learn":[0.2040770574],"iteration":724,"passed_time":0.2396731448,"remaining_time":0.0909105032},
{"learn":[0.203988234],"iteration":725,"passed_time":0.2399058146,"remaining_time":0.09054296583},
{"learn":[0.2039581415],"iteration":726,"passed_time":0.2401337759,"remaining_time":0.0901740314},
{"learn":[0.203858725],"iteration":727,"passed_time":0.2403594873,"remaining_time":0.08980464359},
{"learn":[0.2037961718],"iteration":728,"passed_time":0.2405966987,"remaining_time":0.08943992505},
{"learn":[0.2036900628],"iteration":729,"passed_time":0.2408280352,"remaining_time":0.08907338286},
{"learn":[0.2036085783],"iteration":730,"passed_time":0.2410743718,"remaining_time":0.08871273051},
{"learn":[0.2035516624],"iteration":731,"passed_time":0.2413107916,"remaining_time":0.08834875976},
{"learn":[0.20342228],"iteration":732,"passed_time":0.2415435447,"remaining_time":0.0879838014},
{"learn":[0.203302533],"iteration":733,"passed_time":0.241793798,"remaining_time":0.08762554532},
{"learn":[0.2030702799],"iteration":734,"passed_time":0.2420355512,"remaining_time":0.08726451846},
{"learn":[0.2030373444],"iteration":735,"passed_time":0.2422950963,"remaining_time":0.08691019759},
{"learn":[0.2028807324],"iteration":736,"passed_time":0.2425483914,"remaining_time":0.08655390356},
{"learn":[0.2028131701],"iteration":737,"passed_time":0.2427983947,"remaining_time":0.08619672006},
{"learn":[0.2027028298],"iteration":738,"passed_time":0.2430723567,"remaining_time":0.08584828835},
{"learn":[0.2026015862],"iteration":739,"passed_time":0.2433300267,"remaining_time":0.08549433372},
{"learn":[0.2024466593],"iteration":740,"passed_time":0.2435684049,"remaining_time":0.08513389592},
{"learn":[0.2022834564],"iteration":741,"passed_time":0.2438036997,"remaining_time":0.08477271499},
{"learn":[0.2020654276],"iteration":742,"passed_time":0.2440374112,"remaining_time":0.08441132526},
{"learn":[0.2020214616],"iteration":743,"passed_time":0.2442829978,"remaining_time":0.08405436482},
{"learn":[0.2018843283],"iteration":744,"passed_time":0.2445230426,"remaining_time":0.08369580653},
{"learn":[0.2017837723],"iteration":745,"passed_time":0.2447583374,"remaining_time":0.08333594866},
{"learn":[0.2016850933],"iteration":746,"passed_time":0.2450192159,"remaining_time":0.08298508918},
{"learn":[0.2016194699],"iteration":747,"passed_time":0.2452930112,"remaining_time":0.08263882195},
{"learn":[0.2015425674],"iteration":748,"passed_time":0.2455478479,"remaining_time":0.08228639496},
{"learn":[0.201406055],"iteration":749,"passed_time":0.2457868927,"remaining_time":0.08192896425},
{"learn":[0.2013430253],"iteration":750,"passed_time":0.2460163125,"remaining_time":0.08156865753},
{"learn":[0.2012678014],"iteration":751,"passed_time":0.2462612324,"remaining_time":0.08121381068},
{"learn":[0.2011816717],"iteration":752,"passed_time":0.2465066106,"remaining_time":0.08085940615},
{"learn":[0.2010017002],"iteration":753,"passed_time":0.2467660308,"remaining_time":0.08050987211},
{"learn":[0.2009369788],"iteration":754,"passed_time":0.2469997839,"remaining_time":0.08015224775},
{"learn":[0.2008623223],"iteration":755,"passed_time":0.2472306619,"remaining_time":0.07979402317},
{"learn":[0.2008000441],"iteration":756,"passed_time":0.2474703735,"remaining_time":0.07943897061},
{"learn":[0.2006899604],"iteration":757,"passed_time":0.2477107517,"remaining_time":0.07908443523},
{"learn":[0.2006332301],"iteration":758,"passed_time":0.2479416714,"remaining_time":0.07872719737},
{"learn":[0.2005136768],"iteration":759,"passed_time":0.2481859663,"remaining_time":0.07837451568},
{"learn":[0.2004096644],"iteration":760,"passed_time":0.2484262612,"remaining_time":0.07802086258},
{"learn":[0.2002781801],"iteration":761,"passed_time":0.2486743478,"remaining_time":0.07766994065},
{"learn":[0.2001787951],"iteration":762,"passed_time":0.2488964758,"remaining_time":0.0773112251},
{"learn":[0.200133134],"iteration":763,"passed_time":0.2491499791,"remaining_time":0.076962559},
{"learn":[0.2000491856],"iteration":764,"passed_time":0.2493756488,"remaining_time":0.07660559146},
{"learn":[0.1999575653],"iteration":765,"passed_time":0.2496220687,"remaining_time":0.07625530559},
{"learn":[0.199841268],"iteration":766,"passed_time":0.2498498218,"remaining_time":0.07589961991},
{"learn":[0.1997456164],"iteration":767,"passed_time":0.2500886583,"remaining_time":0.07554761552},
{"learn":[0.1997060354],"iteration":768,"passed_time":0.2503224947,"remaining_time":0.07519440348},
{"learn":[0.1995927917],"iteration":769,"passed_time":0.2505589562,"remaining_time":0.07484228562},
{"learn":[0.1994947068],"iteration":770,"passed_time":0.2507872092,"remaining_time":0.07448802972},
{"learn":[0.1994278667],"iteration":771,"passed_time":0.2510154623,"remaining_time":0.07413410025},
{"learn":[0.1993559551],"iteration":772,"passed_time":0.2512502154,"remaining_time":0.07378240478},
{"learn":[0.1992053918],"iteration":773,"passed_time":0.2514915103,"remaining_time":0.0734329216},
{"learn":[0.1991254576],"iteration":774,"passed_time":0.2517164716,"remaining_time":0.07307897562},
{"learn":[0.1990523152],"iteration":775,"passed_time":0.251947183,"remaining_time":0.07272702189},
{"learn":[0.1988702051],"iteration":776,"passed_time":0.2521894362,"remaining_time":0.07237869276},
{"learn":[0.1987824452],"iteration":777,"passed_time":0.2524308977,"remaining_time":0.07203041041},
{"learn":[0.1987142893],"iteration":778,"passed_time":0.2526618592,"remaining_time":0.07167942346},
{"learn":[0.198640262],"iteration":779,"passed_time":0.2529097791,"remaining_time":0.07133352744},
{"learn":[0.1986034237],"iteration":780,"passed_time":0.2531381988,"remaining_time":0.07098241426},
{"learn":[0.1985686014],"iteration":781,"passed_time":0.2533643268,"remaining_time":0.07063097602},
{"learn":[0.198464449],"iteration":782,"passed_time":0.2536080801,"remaining_time":0.0702847425},
{"learn":[0.198416353],"iteration":783,"passed_time":0.2538399998,"remaining_time":0.06993551015},
{"learn":[0.1983564936],"iteration":784,"passed_time":0.2540688779,"remaining_time":0.06958574362},
{"learn":[0.1982539215],"iteration":785,"passed_time":0.2543084644,"remaining_time":0.06923920022},
{"learn":[0.198185671],"iteration":786,"passed_time":0.2545405508,"remaining_time":0.06889089875},
{"learn":[0.1980996791],"iteration":787,"passed_time":0.2547724289,"remaining_time":0.0685428362},
{"learn":[0.1980033043],"iteration":788,"passed_time":0.2550038903,"remaining_time":0.06819495672},
{"learn":[0.1979497167],"iteration":789,"passed_time":0.2552417685,"remaining_time":0.06784907769},
{"learn":[0.1978628123],"iteration":790,"passed_time":0.2554705632,"remaining_time":0.06750107168},
{"learn":[0.197799909],"iteration":791,"passed_time":0.255710733,"remaining_time":0.06715635413},
{"learn":[0.1976931049],"iteration":792,"passed_time":0.2559345277,"remaining_time":0.06680762576},
{"learn":[0.1976538975],"iteration":793,"passed_time":0.2561846143,"remaining_time":0.06646603344},
{"learn":[0.1975159143],"iteration":794,"passed_time":0.2564698681,"remaining_time":0.06613373958},
{"learn":[0.1973959236],"iteration":795,"passed_time":0.2567158297,"remaining_time":0.06579149405},
{"learn":[0.1973463569],"iteration":796,"passed_time":0.2569583746,"remaining_time":0.06544861988},
{"learn":[0.19729604],"iteration":797,"passed_time":0.2571894193,"remaining_time":0.0651030861},
{"learn":[0.1971931703],"iteration":798,"passed_time":0.2574283809,"remaining_time":0.06475983048},
{"learn":[0.1970304435],"iteration":799,"passed_time":0.2576610506,"remaining_time":0.06441526265},
{"learn":[0.1968998968],"iteration":800,"passed_time":0.2579102623,"remaining_time":0.06407508388},
{"learn":[0.1967781603],"iteration":801,"passed_time":0.2581560155,"remaining_time":0.06373427815},
{"learn":[0.1966159132],"iteration":802,"passed_time":0.2583935604,"remaining_time":0.06339169538},
{"learn":[0.1965137359],"iteration":803,"passed_time":0.2586361052,"remaining_time":0.06305059282},
{"learn":[0.1964288046],"iteration":804,"passed_time":0.2588729417,"remaining_time":0.06270835234},
{"learn":[0.1963321207],"iteration":805,"passed_time":0.2591267784,"remaining_time":0.06237046528},
{"learn":[0.196238087],"iteration":806,"passed_time":0.2593834068,"remaining_time":0.06203345418},
{"learn":[0.1961493968],"iteration":807,"passed_time":0.2595995347,"remaining_time":0.06168701815},
{"learn":[0.1960620641],"iteration":808,"passed_time":0.2598250794,"remaining_time":0.06134312752},
{"learn":[0.1960029584],"iteration":809,"passed_time":0.2600594158,"remaining_time":0.06100159137},
{"learn":[0.1959335174],"iteration":810,"passed_time":0.2602888356,"remaining_time":0.06065917376},
{"learn":[0.1958861961],"iteration":811,"passed_time":0.2605233387,"remaining_time":0.06031821142},
{"learn":[0.1958150786],"iteration":812,"passed_time":0.2607518834,"remaining_time":0.05997614046},
{"learn":[0.1957784596],"iteration":813,"passed_time":0.2609976366,"remaining_time":0.05963828061},
{"learn":[0.1957320536],"iteration":814,"passed_time":0.2612301397,"remaining_time":0.05929763908},
{"learn":[0.1955639969],"iteration":815,"passed_time":0.2614869348,"remaining_time":0.0589627402},
{"learn":[0.1955126103],"iteration":816,"passed_time":0.2618099391,"remaining_time":0.05864286274},
{"learn":[0.1954469309],"iteration":817,"passed_time":0.2620421922,"remaining_time":0.05830278604},
{"learn":[0.1953469972],"iteration":818,"passed_time":0.262281862,"remaining_time":0.05796461176},
{"learn":[0.1952478532],"iteration":819,"passed_time":0.262527407,"remaining_time":0.05762796739},
{"learn":[0.1951850964],"iteration":820,"passed_time":0.2627715769,"remaining_time":0.05729124514},
{"learn":[0.1950850835],"iteration":821,"passed_time":0.2630048717,"remaining_time":0.05695239313},
{"learn":[0.1950230983],"iteration":822,"passed_time":0.2632474166,"remaining_time":0.05661578703},
{"learn":[0.1948145953],"iteration":823,"passed_time":0.2634739612,"remaining_time":0.05627599172},
{"learn":[0.1946664977],"iteration":824,"passed_time":0.2637292563,"remaining_time":0.05594256952},
{"learn":[0.1945963334],"iteration":825,"passed_time":0.2639688845,"remaining_time":0.0556060362},
{"learn":[0.1945266195],"iteration":826,"passed_time":0.2642111794,"remaining_time":0.05527029508},
{"learn":[0.1944319998],"iteration":827,"passed_time":0.2644580576,"remaining_time":0.05493573178},
{"learn":[0.1943975003],"iteration":828,"passed_time":0.2646934774,"remaining_time":0.05459901646},
{"learn":[0.1943318222],"iteration":829,"passed_time":0.2649471892,"remaining_time":0.05426629175},
{"learn":[0.1942686265],"iteration":830,"passed_time":0.2651855257,"remaining_time":0.05393063037},
{"learn":[0.1941680355],"iteration":831,"passed_time":0.2654514459,"remaining_time":0.05360077272},
{"learn":[0.1940829633],"iteration":832,"passed_time":0.2656952408,"remaining_time":0.0532666329},
{"learn":[0.1940350309],"iteration":833,"passed_time":0.2659343689,"remaining_time":0.05293178087},
{"learn":[0.1939508926],"iteration":834,"passed_time":0.2661711221,"remaining_time":0.0525966888},
{"learn":[0.1938643329],"iteration":835,"passed_time":0.2663927917,"remaining_time":0.05225887301},
{"learn":[0.1938173945],"iteration":836,"passed_time":0.2666204197,"remaining_time":0.05192249512},
{"learn":[0.1937040645],"iteration":837,"passed_time":0.2668559645,"remaining_time":0.05158790722},
{"learn":[0.1936313323],"iteration":838,"passed_time":0.2670834676,"remaining_time":0.05125201225},
{"learn":[0.1935978382],"iteration":839,"passed_time":0.2674219721,"remaining_time":0.05093751849},
{"learn":[0.1935093718],"iteration":840,"passed_time":0.2676560168,"remaining_time":0.0506032184},
{"learn":[0.1934304317],"iteration":841,"passed_time":0.2678929366,"remaining_time":0.05026969595},
{"learn":[0.1933615044],"iteration":842,"passed_time":0.2681194397,"remaining_time":0.04993446266},
{"learn":[0.1933010704],"iteration":843,"passed_time":0.2683539011,"remaining_time":0.04960095803},
{"learn":[0.1931771978],"iteration":844,"passed_time":0.2685942376,"remaining_time":0.04926876548},
{"learn":[0.1931195585],"iteration":845,"passed_time":0.2688454493,"remaining_time":0.04893876973},
{"learn":[0.1930583603],"iteration":846,"passed_time":0.2691083278,"remaining_time":0.04861106748},
{"learn":[0.1929344721],"iteration":847,"passed_time":0.2693612478,"remaining_time":0.0482817331},
{"learn":[0.1929119972],"iteration":848,"passed_time":0.2696019594,"remaining_time":0.04795040738},
{"learn":[0.1928767348],"iteration":849,"passed_time":0.269828379,"remaining_time":0.04761677277},
{"learn":[0.1928383404],"iteration":850,"passed_time":0.2700647155,"remaining_time":0.04728512645},
{"learn":[0.1927530446],"iteration":851,"passed_time":0.270326344,"remaining_time":0.04695809731},
{"learn":[0.1926580973],"iteration":852,"passed_time":0.2705565971,"remaining_time":0.0466258145},
{"learn":[0.1926240281],"iteration":853,"passed_time":0.2707791417,"remaining_time":0.04629245279},
{"learn":[0.1925472526],"iteration":854,"passed_time":0.2710170615,"remaining_time":0.0459619578},
{"learn":[0.1924761236],"iteration":855,"passed_time":0.2712469812,"remaining_time":0.04563033329},
{"learn":[0.19241704],"iteration":856,"passed_time":0.2714857761,"remaining_time":0.04530042705},
{"learn":[0.1923295774],"iteration":857,"passed_time":0.2717155291,"remaining_time":0.04496923676},
{"learn":[0.1922623094],"iteration":858,"passed_time":0.2719452822,"remaining_time":0.04463828264},
{"learn":[0.1922099153],"iteration":859,"passed_time":0.2721692435,"remaining_time":0.04430662104},
{"learn":[0.1921181743],"iteration":860,"passed_time":0.2724032049,"remaining_time":0.04397682403},
{"learn":[0.1920023039],"iteration":861,"passed_time":0.2726346664,"remaining_time":0.04364684914},
{"learn":[0.1919336875],"iteration":862,"passed_time":0.2728745862,"remaining_time":0.04331844532},
{"learn":[0.1918589447],"iteration":863,"passed_time":0.2731045476,"remaining_time":0.04298867879},
{"learn":[0.1918007857],"iteration":864,"passed_time":0.2733348423,"remaining_time":0.04265919505},
{"learn":[0.1917543872],"iteration":865,"passed_time":0.273564262,"remaining_time":0.04232980498},
{"learn":[0.1917149402],"iteration":866,"passed_time":0.2737947234,"remaining_time":0.04200080533},
{"learn":[0.1916411102],"iteration":867,"passed_time":0.2740415184,"remaining_time":0.04167451662},
{"learn":[0.1916086125],"iteration":868,"passed_time":0.2742642714,"remaining_time":0.04134478659},
{"learn":[0.1915429941],"iteration":869,"passed_time":0.2745056912,"remaining_time":0.04101809179},
{"learn":[0.1914793936],"iteration":870,"passed_time":0.2747397777,"remaining_time":0.04069050668},
{"learn":[0.1914485518],"iteration":871,"passed_time":0.2749773225,"remaining_time":0.04036364367},
{"learn":[0.1913991541],"iteration":872,"passed_time":0.2752167424,"remaining_time":0.04003725805},
{"learn":[0.1913461367],"iteration":873,"passed_time":0.2754594122,"remaining_time":0.03971153998},
{"learn":[0.191323647],"iteration":874,"passed_time":0.2756919987,"remaining_time":0.03938457124},
{"learn":[0.1912607353],"iteration":875,"passed_time":0.2759300435,"remaining_time":0.03905859063},
{"learn":[0.1912278696],"iteration":876,"passed_time":0.2761629216,"remaining_time":0.03873208593},
{"learn":[0.1911730229],"iteration":877,"passed_time":0.2763977164,"remaining_time":0.03840606082},
{"learn":[0.1911054556],"iteration":878,"passed_time":0.2766425946,"remaining_time":0.03808163134},
{"learn":[0.1910156666],"iteration":879,"passed_time":0.2768714727,"remaining_time":0.03775520082},
{"learn":[0.1909680961],"iteration":880,"passed_time":0.2770994757,"remaining_time":0.03742887356},
{"learn":[0.1908024065],"iteration":881,"passed_time":0.2773420206,"remaining_time":0.03710471478},
{"learn":[0.1907602887],"iteration":882,"passed_time":0.2775838988,"remaining_time":0.03678065251},
{"learn":[0.190705522],"iteration":883,"passed_time":0.2778159852,"remaining_time":0.03645549128},
{"learn":[0.1906535749],"iteration":884,"passed_time":0.2780419049,"remaining_time":0.03612973906},
{"learn":[0.1904698251],"iteration":885,"passed_time":0.2782694913,"remaining_time":0.03580442664},
{"learn":[0.1903785019],"iteration":886,"passed_time":0.278523203,"remaining_time":0.03548266284},
{"learn":[0.1902970135],"iteration":887,"passed_time":0.2787601645,"remaining_time":0.03515893966},
{"learn":[0.1901124827],"iteration":888,"passed_time":0.2790075844,"remaining_time":0.03483671751},
{"learn":[0.1900696537],"iteration":889,"passed_time":0.279249046,"remaining_time":0.03451392703},
{"learn":[0.1900050061],"iteration":890,"passed_time":0.2794788824,"remaining_time":0.03418989694},
{"learn":[0.1899407557],"iteration":891,"passed_time":0.2797227606,"remaining_time":0.03386777819},
{"learn":[0.1898812549],"iteration":892,"passed_time":0.2800824737,"remaining_time":0.03355971409},
{"learn":[0.1897757808],"iteration":893,"passed_time":0.2803256019,"remaining_time":0.03323771119},
{"learn":[0.1897218678],"iteration":894,"passed_time":0.2805582717,"remaining_time":0.03291465757},
{"learn":[0.1896508919],"iteration":895,"passed_time":0.2807960665,"remaining_time":0.03259240058},
{"learn":[0.1895482192],"iteration":896,"passed_time":0.2810729035,"remaining_time":0.03227481501},
{"learn":[0.1895102515],"iteration":897,"passed_time":0.2813043233,"remaining_time":0.03195216144},
{"learn":[0.1894513544],"iteration":898,"passed_time":0.2815472015,"remaining_time":0.03163099817},
{"learn":[0.1894026674],"iteration":899,"passed_time":0.2818106217,"remaining_time":0.0313122913},
{"learn":[0.1893005005],"iteration":900,"passed_time":0.2820504999,"remaining_time":0.03099112041},
{"learn":[0.1892630307],"iteration":901,"passed_time":0.2822927114,"remaining_time":0.03067038328},
{"learn":[0.1891927525],"iteration":902,"passed_time":0.2825252562,"remaining_time":0.03034878167},
{"learn":[0.1891349832],"iteration":903,"passed_time":0.2827759262,"remaining_time":0.0300293019},
{"learn":[0.189025159],"iteration":904,"passed_time":0.2830304712,"remaining_time":0.02971038096},
{"learn":[0.1889212859],"iteration":905,"passed_time":0.283265641,"remaining_time":0.02938959189},
{"learn":[0.1888616406],"iteration":906,"passed_time":0.2835102693,"remaining_time":0.02906996146},
{"learn":[0.1888139727],"iteration":907,"passed_time":0.2837350639,"remaining_time":0.02874848665},
{"learn":[0.1887757641],"iteration":908,"passed_time":0.283963817,"remaining_time":0.02842762084},
{"learn":[0.1887073242],"iteration":909,"passed_time":0.2842095702,"remaining_time":0.02810863882},
{"learn":[0.1886555483],"iteration":910,"passed_time":0.2844498651,"remaining_time":0.0277892843},
{"learn":[0.1885845055],"iteration":911,"passed_time":0.2853607105,"remaining_time":0.0275348054},
{"learn":[0.188468862],"iteration":912,"passed_time":0.2855940053,"remaining_time":0.02721432471},
{"learn":[0.1884280564],"iteration":913,"passed_time":0.2858407586,"remaining_time":0.02689530114},
{"learn":[0.1883299883],"iteration":914,"passed_time":0.286074095,"remaining_time":0.02657518916},
{"learn":[0.1882349913],"iteration":915,"passed_time":0.2863212233,"remaining_time":0.0262565314},
{"learn":[0.1881869798],"iteration":916,"passed_time":0.2865698516,"remaining_time":0.02593816541},
{"learn":[0.1881306829],"iteration":917,"passed_time":0.2868139799,"remaining_time":0.0256195494},
{"learn":[0.1880447423],"iteration":918,"passed_time":0.2870544831,"remaining_time":0.02530077598},
{"learn":[0.1880100525],"iteration":919,"passed_time":0.2873037364,"remaining_time":0.0249829336},
{"learn":[0.1879775757],"iteration":920,"passed_time":0.2875330311,"remaining_time":0.02466352818},
{"learn":[0.1879385379],"iteration":921,"passed_time":0.2877809927,"remaining_time":0.02434589743},
{"learn":[0.1878641301],"iteration":922,"passed_time":0.2880244126,"remaining_time":0.02402803876},
{"learn":[0.1877318759],"iteration":923,"passed_time":0.2882919995,"remaining_time":0.02371232896},
{"learn":[0.1876352053],"iteration":924,"passed_time":0.2885164192,"remaining_time":0.02339322318},
{"learn":[0.1874935637],"iteration":925,"passed_time":0.2887408388,"remaining_time":0.02307432189},
{"learn":[0.1874548925],"iteration":926,"passed_time":0.2889973422,"remaining_time":0.02275815101},
{"learn":[0.1874291334],"iteration":927,"passed_time":0.289228387,"remaining_time":0.02244013347},
{"learn":[0.1872810435],"iteration":928,"passed_time":0.2894639318,"remaining_time":0.0221226471},
{"learn":[0.1872527236],"iteration":929,"passed_time":0.28970856,"remaining_time":0.02180602065},
{"learn":[0.1871606325],"iteration":930,"passed_time":0.2899366047,"remaining_time":0.02148831979},
{"learn":[0.1871490254],"iteration":931,"passed_time":0.2901784829,"remaining_time":0.02117182064},
{"learn":[0.1870731091],"iteration":932,"passed_time":0.2904154028,"remaining_time":0.02085512539},
{"learn":[0.1869987946],"iteration":933,"passed_time":0.2906389474,"remaining_time":0.02053765581},
{"learn":[0.1869614427],"iteration":934,"passed_time":0.290882784,"remaining_time":0.02022179782},
{"learn":[0.1868956612],"iteration":935,"passed_time":0.2911171621,"remaining_time":0.01990544698},
{"learn":[0.1868013942],"iteration":936,"passed_time":0.2913575403,"remaining_time":0.01958967453},
{"learn":[0.1867018058],"iteration":937,"passed_time":0.29158771,"remaining_time":0.01927338808},
{"learn":[0.1866619333],"iteration":938,"passed_time":0.291811213,"remaining_time":0.01895685196},
{"learn":[0.1866035464],"iteration":939,"passed_time":0.2920533412,"remaining_time":0.01864170263},
{"learn":[0.1865439465],"iteration":940,"passed_time":0.2922978028,"remaining_time":0.0183268548},
{"learn":[0.1864449748],"iteration":941,"passed_time":0.2925275975,"remaining_time":0.01801125335},
{"learn":[0.18640143],"iteration":942,"passed_time":0.2927781425,"remaining_time":0.01769708815},
{"learn":[0.1863508365],"iteration":943,"passed_time":0.2930182707,"remaining_time":0.01738243979},
{"learn":[0.1863120851],"iteration":944,"passed_time":0.2932625239,"remaining_time":0.01706818922},
{"learn":[0.1862671887],"iteration":945,"passed_time":0.2935040271,"remaining_time":0.01675392967},
{"learn":[0.1862090315],"iteration":946,"passed_time":0.2937754058,"remaining_time":0.01644149578},
{"learn":[0.1861313555],"iteration":947,"passed_time":0.2940211174,"remaining_time":0.01612774061},
{"learn":[0.1861026083],"iteration":948,"passed_time":0.294248662,"remaining_time":0.01581315254},
{"learn":[0.1859753315],"iteration":949,"passed_time":0.2944922903,"remaining_time":0.01549959423},
{"learn":[0.1859082508],"iteration":950,"passed_time":0.2947402936,"remaining_time":0.0151864084},
{"learn":[0.1858523024],"iteration":951,"passed_time":0.2949884219,"remaining_time":0.01487336581},
{"learn":[0.1857848083],"iteration":952,"passed_time":0.2952298418,"remaining_time":0.01456012861},
{"learn":[0.1857347521],"iteration":953,"passed_time":0.2954746367,"remaining_time":0.0142472047},
{"learn":[0.1856867292],"iteration":954,"passed_time":0.2957250567,"remaining_time":0.01393468853},
{"learn":[0.1856533554],"iteration":955,"passed_time":0.2959657682,"remaining_time":0.01362185544},
{"learn":[0.1856183386],"iteration":956,"passed_time":0.2962071048,"remaining_time":0.01330920115},
{"learn":[0.1855791971],"iteration":957,"passed_time":0.2964436079,"remaining_time":0.01299648385},
{"learn":[0.1855467733],"iteration":958,"passed_time":0.2966644025,"remaining_time":0.01268325391},
{"learn":[0.1854687886],"iteration":959,"passed_time":0.296900239,"remaining_time":0.01237084329},
{"learn":[0.1854289542],"iteration":960,"passed_time":0.2971367421,"remaining_time":0.01205861909},
{"learn":[0.1853991203],"iteration":961,"passed_time":0.2973858288,"remaining_time":0.01174704937},
{"learn":[0.1853488682],"iteration":962,"passed_time":0.2976394988,"remaining_time":0.01143578552},
{"learn":[0.1853277005],"iteration":963,"passed_time":0.2978667102,"remaining_time":0.01112365308},
{"learn":[0.1851949578],"iteration":964,"passed_time":0.2980937965,"remaining_time":0.0108116921},
{"learn":[0.1851213914],"iteration":965,"passed_time":0.298334633,"remaining_time":0.01050039081},
{"learn":[0.185081832],"iteration":966,"passed_time":0.2985832197,"remaining_time":0.01018949974},
{"learn":[0.1850133129],"iteration":967,"passed_time":0.2988245562,"remaining_time":0.009878497726},
{"learn":[0.1849783689],"iteration":968,"passed_time":0.2990520176,"remaining_time":0.009567195609},
{"learn":[0.184940331],"iteration":969,"passed_time":0.2992886041,"remaining_time":0.009256348579},
{"learn":[0.1848588268],"iteration":970,"passed_time":0.2995480242,"remaining_time":0.008946336458},
{"learn":[0.1848190451],"iteration":971,"passed_time":0.2997901524,"remaining_time":0.008635930316},
{"learn":[0.1847797657],"iteration":972,"passed_time":0.3000241138,"remaining_time":0.008325437897},
{"learn":[0.1847515979],"iteration":973,"passed_time":0.3002787422,"remaining_time":0.00801565431},
{"learn":[0.1846669281],"iteration":974,"passed_time":0.3005235371,"remaining_time":0.007705731722},
{"learn":[0.1846340808],"iteration":975,"passed_time":0.3007770822,"remaining_time":0.007396157758},
{"learn":[0.1845604326],"iteration":976,"passed_time":0.3010150437,"remaining_time":0.007086331632},
{"learn":[0.1845115163],"iteration":977,"passed_time":0.3012705471,"remaining_time":0.006777047071},
{"learn":[0.1844536391],"iteration":978,"passed_time":0.3015049252,"remaining_time":0.006467419233},
{"learn":[0.1844042067],"iteration":979,"passed_time":0.3017369699,"remaining_time":0.006157897346},
{"learn":[0.1843400061],"iteration":980,"passed_time":0.3019700147,"remaining_time":0.005848552782},
{"learn":[0.1842866498],"iteration":981,"passed_time":0.3022217264,"remaining_time":0.005539705779},
{"learn":[0.1842197476],"iteration":982,"passed_time":0.3024551462,"remaining_time":0.005230658682},
{"learn":[0.184174853],"iteration":983,"passed_time":0.3026876492,"remaining_time":0.004921750394},
{"learn":[0.1841333775],"iteration":984,"passed_time":0.3029144023,"remaining_time":0.004612909679},
{"learn":[0.1841094049],"iteration":985,"passed_time":0.3031461137,"remaining_time":0.004304305874},
{"learn":[0.1840659185],"iteration":986,"passed_time":0.3034949933,"remaining_time":0.003997401128},
{"learn":[0.1839551849],"iteration":987,"passed_time":0.3037326631,"remaining_time":0.003689060686},
{"learn":[0.1838894874],"iteration":988,"passed_time":0.3039787497,"remaining_time":0.003380956772},
{"learn":[0.1838375829],"iteration":989,"passed_time":0.3042185863,"remaining_time":0.003072915013},
{"learn":[0.1837993301],"iteration":990,"passed_time":0.3044443809,"remaining_time":0.002764883379},
{"learn":[0.1837704748],"iteration":991,"passed_time":0.3046824674,"remaining_time":0.002457116673},
{"learn":[0.183739032],"iteration":992,"passed_time":0.304903012,"remaining_time":0.002149366651},
{"learn":[0.1837072843],"iteration":993,"passed_time":0.3051395985,"remaining_time":0.001841888925},
{"learn":[0.1836461463],"iteration":994,"passed_time":0.3053806017,"remaining_time":0.001534575888},
{"learn":[0.1835981122],"iteration":995,"passed_time":0.3056595638,"remaining_time":0.001227548449},
{"learn":[0.1835522456],"iteration":996,"passed_time":0.3059227339,"remaining_time":0.0009205297911},
{"learn":[0.1835099731],"iteration":997,"passed_time":0.3061686955,"remaining_time":0.0006135645201},
{"learn":[0.1834600132],"iteration":998,"passed_time":0.3065667842,"remaining_time":0.0003068736578},
{"learn":[0.1833407555],"iteration":999,"passed_time":0.3068037873,"remaining_time":0}
]}